method,families,tier,tau,delta,n,n_present,n_absent,selected,correct,wrong,deferred,failures,coverage,present_coverage,accepted_risk,correct_yield,absent_false_accept,failure_rate,top1_present
B0,all,all,,,112.0,56.0,56.0,112.0,20.0,92.0,0.0,0.0,1.0,1.0,0.8214285714285714,0.35714285714285715,1.0,0.0,0.35714285714285715
B0,all,easy,,,56.0,28.0,28.0,56.0,12.0,44.0,0.0,0.0,1.0,1.0,0.7857142857142857,0.42857142857142855,1.0,0.0,0.42857142857142855
B0,all,hard,,,56.0,28.0,28.0,56.0,8.0,48.0,0.0,0.0,1.0,1.0,0.8571428571428571,0.2857142857142857,1.0,0.0,0.2857142857142857
B0,exposed,all,,,48.0,24.0,24.0,48.0,16.0,32.0,0.0,0.0,1.0,1.0,0.6666666666666666,0.6666666666666666,1.0,0.0,0.6666666666666666
B0,exposed,easy,,,24.0,12.0,12.0,24.0,9.0,15.0,0.0,0.0,1.0,1.0,0.625,0.75,1.0,0.0,0.75
B0,exposed,hard,,,24.0,12.0,12.0,24.0,7.0,17.0,0.0,0.0,1.0,1.0,0.7083333333333334,0.5833333333333334,1.0,0.0,0.5833333333333334
B0,unexposed,all,,,64.0,32.0,32.0,64.0,4.0,60.0,0.0,0.0,1.0,1.0,0.9375,0.125,1.0,0.0,0.125
B0,unexposed,easy,,,32.0,16.0,16.0,32.0,3.0,29.0,0.0,0.0,1.0,1.0,0.90625,0.1875,1.0,0.0,0.1875
B0,unexposed,hard,,,32.0,16.0,16.0,32.0,1.0,31.0,0.0,0.0,1.0,1.0,0.96875,0.0625,1.0,0.0,0.0625
B1,all,all,,,112.0,56.0,56.0,0.0,0.0,0.0,112.0,0.0,0.0,0.0,,0.0,0.0,0.0,0.4642857142857143
B1,all,easy,,,56.0,28.0,28.0,0.0,0.0,0.0,56.0,0.0,0.0,0.0,,0.0,0.0,0.0,0.5
B1,all,hard,,,56.0,28.0,28.0,0.0,0.0,0.0,56.0,0.0,0.0,0.0,,0.0,0.0,0.0,0.42857142857142855
B1,exposed,all,,,48.0,24.0,24.0,0.0,0.0,0.0,48.0,0.0,0.0,0.0,,0.0,0.0,0.0,0.7083333333333334
B1,exposed,easy,,,24.0,12.0,12.0,0.0,0.0,0.0,24.0,0.0,0.0,0.0,,0.0,0.0,0.0,0.75
B1,exposed,hard,,,24.0,12.0,12.0,0.0,0.0,0.0,24.0,0.0,0.0,0.0,,0.0,0.0,0.0,0.6666666666666666
B1,unexposed,all,,,64.0,32.0,32.0,0.0,0.0,0.0,64.0,0.0,0.0,0.0,,0.0,0.0,0.0,0.28125
B1,unexposed,easy,,,32.0,16.0,16.0,0.0,0.0,0.0,32.0,0.0,0.0,0.0,,0.0,0.0,0.0,0.3125
B1,unexposed,hard,,,32.0,16.0,16.0,0.0,0.0,0.0,32.0,0.0,0.0,0.0,,0.0,0.0,0.0,0.25
S1,all,all,0.787984976280714,,112.0,56.0,56.0,80.0,20.0,60.0,32.0,0.0,0.7142857142857143,0.7142857142857143,0.75,0.35714285714285715,0.7142857142857143,0.0,0.4642857142857143
S1,all,easy,0.787984976280714,,56.0,28.0,28.0,40.0,11.0,29.0,16.0,0.0,0.7142857142857143,0.7142857142857143,0.725,0.39285714285714285,0.7142857142857143,0.0,0.5
S1,all,hard,0.787984976280714,,56.0,28.0,28.0,40.0,9.0,31.0,16.0,0.0,0.7142857142857143,0.7142857142857143,0.775,0.32142857142857145,0.7142857142857143,0.0,0.42857142857142855
S1,exposed,all,0.787984976280714,,48.0,24.0,24.0,30.0,13.0,17.0,18.0,0.0,0.625,0.6666666666666666,0.5666666666666667,0.5416666666666666,0.5833333333333334,0.0,0.7083333333333334
S1,exposed,easy,0.787984976280714,,24.0,12.0,12.0,15.0,7.0,8.0,9.0,0.0,0.625,0.6666666666666666,0.5333333333333333,0.5833333333333334,0.5833333333333334,0.0,0.75
S1,exposed,hard,0.787984976280714,,24.0,12.0,12.0,15.0,6.0,9.0,9.0,0.0,0.625,0.6666666666666666,0.6,0.5,0.5833333333333334,0.0,0.6666666666666666
S1,unexposed,all,0.787984976280714,,64.0,32.0,32.0,50.0,7.0,43.0,14.0,0.0,0.78125,0.75,0.86,0.21875,0.8125,0.0,0.28125
S1,unexposed,easy,0.787984976280714,,32.0,16.0,16.0,25.0,4.0,21.0,7.0,0.0,0.78125,0.75,0.84,0.25,0.8125,0.0,0.3125
S1,unexposed,hard,0.787984976280714,,32.0,16.0,16.0,25.0,3.0,22.0,7.0,0.0,0.78125,0.75,0.88,0.1875,0.8125,0.0,0.25
S2,all,all,0.787984976280714,0.0,112.0,56.0,56.0,80.0,20.0,60.0,32.0,0.0,0.7142857142857143,0.7142857142857143,0.75,0.35714285714285715,0.7142857142857143,0.0,0.4642857142857143
S2,all,easy,0.787984976280714,0.0,56.0,28.0,28.0,40.0,11.0,29.0,16.0,0.0,0.7142857142857143,0.7142857142857143,0.725,0.39285714285714285,0.7142857142857143,0.0,0.5
S2,all,hard,0.787984976280714,0.0,56.0,28.0,28.0,40.0,9.0,31.0,16.0,0.0,0.7142857142857143,0.7142857142857143,0.775,0.32142857142857145,0.7142857142857143,0.0,0.42857142857142855
S2,exposed,all,0.787984976280714,0.0,48.0,24.0,24.0,30.0,13.0,17.0,18.0,0.0,0.625,0.6666666666666666,0.5666666666666667,0.5416666666666666,0.5833333333333334,0.0,0.7083333333333334
S2,exposed,easy,0.787984976280714,0.0,24.0,12.0,12.0,15.0,7.0,8.0,9.0,0.0,0.625,0.6666666666666666,0.5333333333333333,0.5833333333333334,0.5833333333333334,0.0,0.75
S2,exposed,hard,0.787984976280714,0.0,24.0,12.0,12.0,15.0,6.0,9.0,9.0,0.0,0.625,0.6666666666666666,0.6,0.5,0.5833333333333334,0.0,0.6666666666666666
S2,unexposed,all,0.787984976280714,0.0,64.0,32.0,32.0,50.0,7.0,43.0,14.0,0.0,0.78125,0.75,0.86,0.21875,0.8125,0.0,0.28125
S2,unexposed,easy,0.787984976280714,0.0,32.0,16.0,16.0,25.0,4.0,21.0,7.0,0.0,0.78125,0.75,0.84,0.25,0.8125,0.0,0.3125
S2,unexposed,hard,0.787984976280714,0.0,32.0,16.0,16.0,25.0,3.0,22.0,7.0,0.0,0.78125,0.75,0.88,0.1875,0.8125,0.0,0.25
U0,all,all,,,112.0,56.0,56.0,112.0,26.0,86.0,0.0,0.0,1.0,1.0,0.7678571428571429,0.4642857142857143,1.0,0.0,0.4642857142857143
U0,all,easy,,,56.0,28.0,28.0,56.0,14.0,42.0,0.0,0.0,1.0,1.0,0.75,0.5,1.0,0.0,0.5
U0,all,hard,,,56.0,28.0,28.0,56.0,12.0,44.0,0.0,0.0,1.0,1.0,0.7857142857142857,0.42857142857142855,1.0,0.0,0.42857142857142855
U0,exposed,all,,,48.0,24.0,24.0,48.0,17.0,31.0,0.0,0.0,1.0,1.0,0.6458333333333334,0.7083333333333334,1.0,0.0,0.7083333333333334
U0,exposed,easy,,,24.0,12.0,12.0,24.0,9.0,15.0,0.0,0.0,1.0,1.0,0.625,0.75,1.0,0.0,0.75
U0,exposed,hard,,,24.0,12.0,12.0,24.0,8.0,16.0,0.0,0.0,1.0,1.0,0.6666666666666666,0.6666666666666666,1.0,0.0,0.6666666666666666
U0,unexposed,all,,,64.0,32.0,32.0,64.0,9.0,55.0,0.0,0.0,1.0,1.0,0.859375,0.28125,1.0,0.0,0.28125
U0,unexposed,easy,,,32.0,16.0,16.0,32.0,5.0,27.0,0.0,0.0,1.0,1.0,0.84375,0.3125,1.0,0.0,0.3125
U0,unexposed,hard,,,32.0,16.0,16.0,32.0,4.0,28.0,0.0,0.0,1.0,1.0,0.875,0.25,1.0,0.0,0.25
