quant,grouping,prompt,category,peg_id,socket,label,margin_mm,images_sha,p_yes,mass_yes,mass_no,answer,top_token,top_prob,n_input_tokens,latency_s,prep_s,peak_vram_gb
nf4,nested,paper,nominal,ellipse_01,ellipse_01,compatible,0.29981020754907156,75e27003ed8ae93a,0.5705993171827013,0.5697788000106812,0.42878320813179016,yes,Yes,0.5293192863464355,3018,1.212750099999539,0.018114200000127312,6.12585973739624
nf4,nested,paper,nominal,ellipse_02,ellipse_02,compatible,0.299813919484128,9f9a8d122211e70c,0.5524230192341956,0.5515486598014832,0.44686856865882874,yes,Yes,0.5075801014900208,3018,1.1982654000003095,0.017900799999551964,6.12585973739624
nf4,nested,paper,nominal,ellipse_03,ellipse_03,compatible,0.29979681734150887,a7af3e4f5acd5368,0.580163405937797,0.5792350769042969,0.4191648066043854,yes,Yes,0.5260027647018433,3018,1.2521184000015637,0.017319800001132535,6.12585973739624
nf4,nested,paper,nominal,dshape_01,dshape_01,compatible,0.2922746466650832,b78de3844478c00a,0.515547596773625,0.5147686004638672,0.4837203919887543,yes,Yes,0.48173320293426514,3018,1.174774700000853,0.01917440000033821,6.12585973739624
nf4,nested,paper,nominal,dshape_02,dshape_02,compatible,0.2829689679359062,cc9e97894a81d97d,0.5389532949776981,0.5381569862365723,0.46036550402641296,yes,Yes,0.505102813243866,3018,1.1767938000011782,0.018382500000370783,6.12585973739624
nf4,nested,paper,nominal,dshape_03,dshape_03,compatible,0.2743944415034985,82cedf3b15fd7f3f,0.5291809385875906,0.5284733176231384,0.47018948197364807,yes,Yes,0.5053529739379883,3018,1.2446053999992728,0.01722460000019055,6.12585973739624
nf4,nested,paper,nominal,dshape_04,dshape_04,compatible,0.28653652858701567,891cb7eca466fdb3,0.5101292743022426,0.5094417929649353,0.4892105460166931,yes,Yes,0.4843480587005615,3018,1.25058750000062,0.08548870000049646,6.12585973739624
nf4,nested,paper,nominal,cross_01,cross_01,compatible,0.2999096456088586,591efcaba9f53131,0.5918487278307194,0.5911067128181458,0.4076395630836487,yes,Yes,0.577140748500824,3018,1.2336273000000801,0.02479959999982384,6.12585973739624
nf4,nested,paper,nominal,cross_02,cross_02,compatible,0.29990964560885724,15a4d556975d5c0a,0.5881148054585561,0.5874149799346924,0.4113950729370117,yes,Yes,0.5731110572814941,3018,1.2029416000004858,0.021994299999278155,6.12585973739624
nf4,nested,paper,nominal,cross_03,cross_03,compatible,0.2999096456088604,f956214ddb54ba0c,0.5779152566929331,0.5771462917327881,0.4215231239795685,yes,Yes,0.5572648644447327,3018,1.228175000000192,0.03153030000066792,6.12585973739624
nf4,nested,paper,nominal,cross_04,cross_04,compatible,0.2999096456088599,1f9b43b475da84b7,0.5743005821739959,0.5735268592834473,0.4251258969306946,yes,Yes,0.5531612634658813,3018,1.253085700000156,0.01944539999931294,6.12585973739624
nf4,nested,paper,nominal,tube_01,tube_01,compatible,0.29990964560885974,a43db81b2e363361,0.6235443277835061,0.622542142868042,0.3758506178855896,yes,Yes,0.5529787540435791,3018,1.2247427000002062,0.022132699999929173,6.12585973739624
nf4,nested,paper,nominal,tube_02,tube_02,compatible,0.2999096456088599,4d7dabf0a91e236c,0.6347509490798398,0.6337177753448486,0.364654541015625,yes,Yes,0.556816041469574,3018,1.2480317999998078,0.029340000000956934,6.12585973739624
nf4,nested,paper,nominal,tube_03,tube_03,compatible,0.2999096456088598,20d45a2de9de9aab,0.6311073144333276,0.6301835179328918,0.3683527112007141,yes,Yes,0.5568393468856812,3018,1.2423944000001939,0.024493300001267926,6.12585973739624
nf4,nested,paper,rotated,ellipse_01,ellipse_01_rot90,compatible,0.29981020754907156,93979c440c6e4314,0.5356075954656431,0.5348057746887207,0.4636971950531006,yes,Yes,0.49791890382766724,3018,1.2749266999999236,0.02600960000017949,6.12585973739624
nf4,nested,paper,rotated,ellipse_02,ellipse_02_rot90,compatible,0.299813919484128,8a4618f7e21d67d1,0.5211727992581386,0.5203366875648499,0.4780590236186981,yes,Yes,0.47888311743736267,3018,1.2798454000003403,0.023065700001097866,6.12585973739624
nf4,nested,paper,rotated,ellipse_03,ellipse_03_rot90,compatible,0.29979681734150887,ce4b6011e4b2b3a2,0.5064693702980315,0.5057751536369324,0.49285414814949036,no,No,0.4785713255405426,3018,1.3224652999997488,0.02869519999876502,6.12585973739624
nf4,nested,paper,rotated,dshape_01,dshape_01_rot90,compatible,0.2922746466650832,12723ddda28cfaa6,0.5306526684947861,0.5298610329627991,0.46864715218544006,yes,Yes,0.496822714805603,3018,1.2228322999999364,0.02587649999986752,6.12585973739624
nf4,nested,paper,rotated,dshape_02,dshape_02_rot90,compatible,0.2829689679359062,fe28a83a456eab4e,0.5610378707797372,0.5602226257324219,0.4383242726325989,yes,Yes,0.5287007093429565,3018,1.2481445000012172,0.02592720000029658,6.12585973739624
nf4,nested,paper,rotated,dshape_03,dshape_03_rot90,compatible,0.2743944415034985,c889c3af12753d89,0.5680968317435646,0.5673110485076904,0.43130576610565186,yes,Yes,0.5393681526184082,3018,1.2449440000000322,0.02446779999991122,6.12585973739624
nf4,nested,paper,rotated,dshape_04,dshape_04_rot90,compatible,0.28653652858701567,602049c59e292069,0.5485803817476996,0.5478366017341614,0.4508075714111328,yes,Yes,0.5220082998275757,3018,1.247446100000161,0.023998399999982212,6.12585973739624
nf4,nested,paper,rotated,cross_04,cross_04_rot90,compatible,0.2999096456088599,8715cb01d1f51794,0.5735039751786735,0.5727757811546326,0.4259544909000397,yes,Yes,0.556303858757019,3018,1.201608400000623,0.022086299999500625,6.12585973739624
nf4,nested,paper,clear_neg,ellipse_01,dshape_03,incompatible,-2.0,767343f100d48dec,0.5404173763990973,0.539555013179779,0.4588492512702942,yes,Yes,0.4959396421909332,3018,1.237666299999546,0.02147080000031565,6.12585973739624
nf4,nested,paper,clear_neg,ellipse_02,tube_03,incompatible,-2.0,1291cd55fcabf96f,0.6008255225215642,0.5997292995452881,0.3984461724758148,yes,Yes,0.5082351565361023,3018,1.2051597999998194,0.024766500000623637,6.12585973739624
nf4,nested,paper,clear_neg,ellipse_03,tube_01,incompatible,-2.0,942fa757b26c2755,0.5933650392020872,0.5924025177955627,0.405975341796875,yes,Yes,0.5271196961402893,3018,1.2464950999983557,0.02413469999919471,6.12585973739624
nf4,nested,paper,clear_neg,dshape_01,tube_02,incompatible,-2.0,27597f7f0615bc81,0.5716533206782681,0.5706209540367126,0.4275731146335602,yes,Yes,0.49941524863243103,3018,1.2158526000002894,0.02419229999941308,6.12585973739624
nf4,nested,paper,clear_neg,dshape_02,tube_03,incompatible,-2.0,359e1562489e9ce3,0.5826088984207304,0.5815402865409851,0.4166255295276642,yes,Yes,0.48924851417541504,3018,1.2507095000000845,0.024048100000072736,6.12585973739624
nf4,nested,paper,clear_neg,dshape_03,tube_01,incompatible,-2.0,557a696d832a2c67,0.5599034365328719,0.5589405298233032,0.43933969736099243,yes,Yes,0.49560534954071045,3018,1.2150635000016337,0.025811400000748108,6.12585973739624
nf4,nested,paper,clear_neg,dshape_04,tube_01,incompatible,-2.0,34f9501a77f01d1f,0.555374643451441,0.554392397403717,0.4438389837741852,yes,Yes,0.48980259895324707,3018,1.257356999998592,0.026329899999836925,6.12585973739624
nf4,nested,paper,clear_neg,cross_01,tube_03,incompatible,-2.0,5e65821fc1494b07,0.5746374426460455,0.5736806392669678,0.4246543049812317,yes,Yes,0.5078240633010864,3018,1.211420999999973,0.02517679999982647,6.12585973739624
nf4,nested,paper,clear_neg,cross_02,ellipse_01,incompatible,-2.0,5e2692dab5b1beb8,0.5417025385633211,0.5409174561500549,0.45763325691223145,yes,Yes,0.5105120539665222,3018,1.2469426000006933,0.02417550000063784,6.12585973739624
nf4,nested,paper,clear_neg,cross_03,tube_01,incompatible,-2.0,41b7576f78d5720f,0.5850123422668804,0.5838854312896729,0.4141882658004761,yes,Yes,0.4948042333126068,3018,1.2135469000004377,0.02654870000151277,6.12585973739624
nf4,nested,paper,clear_neg,cross_04,dshape_03,incompatible,-2.0,ade8041ee1c632c9,0.5196613893313144,0.5188230872154236,0.47956374287605286,yes,Yes,0.48198458552360535,3018,1.2483124999998836,0.02503190000061295,6.12585973739624
nf4,nested,paper,clear_neg,tube_01,cross_01,incompatible,-2.0,688144c3df251c3c,0.6054830841978464,0.6045004725456238,0.39387667179107666,yes,Yes,0.5556287169456482,3018,1.2220532999999705,0.023397099999783677,6.12585973739624
nf4,nested,paper,clear_neg,tube_02,cross_01,incompatible,-2.0,9dfc926ceb6e2d66,0.6048848019941695,0.603933572769165,0.39449384808540344,yes,Yes,0.5565032362937927,3018,1.2592167000002519,0.023175100001026294,6.12585973739624
nf4,nested,paper,clear_neg,tube_03,cross_04,incompatible,-2.0,1c0b91fe3b72e9d5,0.6095981578856418,0.6087154746055603,0.38983654975891113,yes,Yes,0.5573833584785461,3018,1.2225610000004963,0.02413429999978689,6.12585973739624
nf4,nested,paper,hard_neg,cross_03,cross_04,incompatible,-0.7001953125,528023385247be33,0.5709691145795064,0.5701665282249451,0.4284278154373169,yes,Yes,0.5473483204841614,3018,1.2587624000007054,0.02321769999980461,6.12585973739624
nf4,nested,paper,hard_neg,cross_04,cross_01,incompatible,-0.2001953125,83f43c863c9d4514,0.5848245515244436,0.5840592384338379,0.4146321415901184,yes,Yes,0.5675010681152344,3018,1.218329299999823,0.023446699999112752,6.12585973739624
nf4,nested,paper,hard_neg,tube_01,tube_03,incompatible,-1.7001953125,37bfe00eeed5cef5,0.6408380908960343,0.6397482752799988,0.35855111479759216,yes,Yes,0.5447126030921936,3018,1.2483036999983597,0.024178300000130548,6.12585973739624
nf4,nested,paper,hard_neg,cross_02,cross_03,incompatible,-1.9365234375,21f9bf4a8017c21c,0.5814145909347617,0.5806757807731628,0.4180535078048706,yes,Yes,0.5624014735221863,3018,1.2176429000010103,0.024958300000434974,6.12585973739624
nf4,nested,paper,hard_neg,dshape_01,dshape_03,incompatible,-1.912109375,2a747b3bf4ac9c31,0.5161161532009026,0.5153212547302246,0.4831385910511017,yes,Yes,0.4792341887950897,3018,1.2512833000000683,0.02374500000041735,6.12585973739624
nf4,nested,paper,hard_neg,tube_03,tube_01,incompatible,-1.7001953125,6f170d550ae9e4c6,0.6140469369291264,0.6131845116615295,0.38541099429130554,yes,Yes,0.558465301990509,3018,1.2288668000001053,0.02466169999934209,6.12585973739624
nf4,nested,paper,hard_neg,ellipse_01,ellipse_02,incompatible,-0.7001953125,42d5d883f8ee78f5,0.5596977040667086,0.5588408708572388,0.4396282434463501,yes,Yes,0.5155569911003113,3018,1.2637216999992233,0.023439200000211713,6.12585973739624
nf4,nested,paper,hard_neg,dshape_02,dshape_03,incompatible,-0.7529296875,43758b88d5a7133d,0.5301022196278243,0.5293431282043457,0.4692249000072479,yes,Yes,0.5008472204208374,3018,1.2299430000002758,0.02507750000040687,6.12585973739624
nf4,nested,paper,hard_neg,tube_01,tube_02,incompatible,-1.2001953125,467bff81ce223648,0.6391642969110343,0.6381061673164368,0.36023834347724915,yes,Yes,0.5574277639389038,3018,1.2651392000007036,0.02357289999963541,6.12585973739624
nf4,nested,paper,hard_neg,tube_03,tube_02,incompatible,-1.7001953125,ca55c55562845bd5,0.6369572982371191,0.636039137840271,0.36251938343048096,yes,Yes,0.5716022849082947,3018,1.2197727000002487,0.02470530000027793,6.12585973739624
nf4,nested,paper,hard_neg,cross_04,cross_03,incompatible,-1.7001953125,231be3df731d5990,0.5813567651561131,0.5806142687797546,0.4181085526943207,yes,Yes,0.5628787279129028,3018,1.2576726000006602,0.026322300000174437,6.12585973739624
nf4,nested,paper,hard_neg,cross_02,cross_01,incompatible,-1.2001953125,f8891c97a35b0f7e,0.5850985168420786,0.5843034982681274,0.41433772444725037,yes,Yes,0.5661754608154297,3018,1.223974399999861,0.025514500001008855,6.12585973739624
nf4,nested,paper,shrunk,cross_03,cross_03_c-0.3,incompatible,-0.4248046875,edc60efc09614fae,0.5733431478615086,0.5726219415664673,0.42612016201019287,yes,Yes,0.5563955903053284,3018,1.2465957000003982,0.023080500001015025,6.12585973739624
nf4,nested,paper,shrunk,cross_03,cross_03_c-1.0,incompatible,-1.4150390625,78029a92a641417a,0.5706056565555642,0.5698230862617493,0.4288054406642914,yes,Yes,0.5483422875404358,3018,1.2677175999997417,0.025055699999938952,6.12585973739624
nf4,nested,paper,shrunk,dshape_03,dshape_03_c-0.3,incompatible,-0.3623046875,d75e5f835a71d93c,0.5329865448669366,0.5322648286819458,0.4663810729980469,yes,Yes,0.5086330771446228,3018,1.2723244999997405,0.023665400000027148,6.12585973739624
nf4,nested,paper,shrunk,dshape_03,dshape_03_c-1.0,incompatible,-1.220703125,d77fbd5ac89b46a3,0.5250347738143516,0.524319052696228,0.4743177592754364,yes,Yes,0.5020517706871033,3018,1.2207656000009592,0.023249400001077447,6.12585973739624
nf4,nested,paper,shrunk,cross_01,cross_01_c-0.3,incompatible,-0.4248046875,dc0ae0b3685a642e,0.5836190334803358,0.5829895734786987,0.4159318804740906,yes,Yes,0.5728350877761841,3018,1.266047000000981,0.035615400000097,6.12585973739624
nf4,nested,paper,shrunk,cross_01,cross_01_c-1.0,incompatible,-1.4150390625,ae727051aebcf0bd,0.580201017121022,0.5795665979385376,0.41933995485305786,yes,Yes,0.5676469802856445,3018,1.200381100001323,0.027186999999685213,6.12585973739624
nf4,nested,paper,shrunk,tube_02,tube_02_c-0.3,incompatible,-0.30078125,5aa3322bcf3febfd,0.6397136132853977,0.6386735439300537,0.35970062017440796,yes,Yes,0.5545799136161804,3018,1.1938845999993646,0.028746300000420888,6.12585973739624
nf4,nested,paper,shrunk,tube_02,tube_02_c-1.0,incompatible,-1.0009765625,4b1a4cd0eb4c8462,0.6274749062583335,0.626497745513916,0.37194496393203735,yes,Yes,0.5535444021224976,3018,1.2294652999989921,0.02761149999969348,6.12585973739624
nf4,nested,controlled,nominal,ellipse_01,ellipse_01,compatible,0.29981020754907156,75e27003ed8ae93a,0.7819968818194164,0.7811166048049927,0.2177577167749405,yes,yes,0.7215707302093506,3080,1.3032504000002518,0.0268512999991799,6.132611274719238
nf4,nested,controlled,nominal,ellipse_02,ellipse_02,compatible,0.299813919484128,9f9a8d122211e70c,0.7740000721770002,0.7730866074562073,0.2257332056760788,yes,yes,0.7158117294311523,3080,1.233581200000117,0.03112449999935052,6.132611274719238
nf4,nested,controlled,nominal,ellipse_03,ellipse_03,compatible,0.29979681734150887,a7af3e4f5acd5368,0.7850525597941256,0.7842072248458862,0.21471598744392395,yes,yes,0.7317258715629578,3080,1.2408271000003879,0.03226569999969797,6.132611274719238
nf4,nested,controlled,nominal,dshape_01,dshape_01,compatible,0.2922746466650832,b78de3844478c00a,0.7512837703742515,0.7501839399337769,0.24835212528705597,yes,yes,0.6664223074913025,3080,1.2813287999997556,0.027806199999758974,6.132611274719238
nf4,nested,controlled,nominal,dshape_02,dshape_02,compatible,0.2829689679359062,cc9e97894a81d97d,0.7676503555215626,0.7664583325386047,0.2319888472557068,yes,yes,0.6600137948989868,3080,1.271398599999884,0.028399000000717933,6.132611274719238
nf4,nested,controlled,nominal,dshape_03,dshape_03,compatible,0.2743944415034985,82cedf3b15fd7f3f,0.7649844290174055,0.7637611627578735,0.23463976383209229,yes,yes,0.6590905785560608,3080,1.300052799999321,0.02557619999970484,6.132611274719238
nf4,nested,controlled,nominal,dshape_04,dshape_04,compatible,0.28653652858701567,891cb7eca466fdb3,0.7479973482746457,0.7468108534812927,0.2516029179096222,yes,yes,0.6299326419830322,3080,1.272272599999269,0.023170500000560423,6.132611274719238
nf4,nested,controlled,nominal,cross_01,cross_01,compatible,0.2999096456088586,591efcaba9f53131,0.7503877306296304,0.7487608790397644,0.24907110631465912,yes,yes,0.49528855085372925,3080,1.2597644999987097,0.027122899999085348,6.132611274719238
nf4,nested,controlled,nominal,cross_02,cross_02,compatible,0.29990964560885724,15a4d556975d5c0a,0.7511818573275035,0.749589741230011,0.2482907772064209,yes,yes,0.5087525248527527,3080,1.2263668999985384,0.02835879999838653,6.132611274719238
nf4,nested,controlled,nominal,cross_03,cross_03,compatible,0.2999096456088604,f956214ddb54ba0c,0.7533390175128951,0.7518272399902344,0.24616599082946777,yes,yes,0.5650207996368408,3080,1.3082034999988537,0.028146999999080435,6.132611274719238
nf4,nested,controlled,nominal,cross_04,cross_04,compatible,0.2999096456088599,1f9b43b475da84b7,0.7469543866812169,0.7454243898391724,0.25252729654312134,yes,yes,0.564505934715271,3080,1.267224900000656,0.025824500000453554,6.132611274719238
nf4,nested,controlled,nominal,tube_01,tube_01,compatible,0.29990964560885974,a43db81b2e363361,0.7998376491080061,0.798957884311676,0.1999421864748001,yes,yes,0.7423114776611328,3080,1.3017874999986816,0.024144699998942087,6.132611274719238
nf4,nested,controlled,nominal,tube_02,tube_02,compatible,0.2999096456088599,4d7dabf0a91e236c,0.8034441114850545,0.802618145942688,0.19635382294654846,yes,yes,0.7555338740348816,3080,1.2476423000007344,0.026034900000013295,6.132611274719238
nf4,nested,controlled,nominal,tube_03,tube_03,compatible,0.2999096456088598,20d45a2de9de9aab,0.8111073033726469,0.8102619051933289,0.18869581818580627,yes,yes,0.7448991537094116,3080,1.2437517999987904,0.030994699998700526,6.132611274719238
nf4,nested,controlled,rotated,ellipse_01,ellipse_01_rot90,compatible,0.29981020754907156,93979c440c6e4314,0.7583370748669386,0.7573603391647339,0.2413516640663147,yes,yes,0.6848631501197815,3080,1.273542400000224,0.029002700001001358,6.132611274719238
nf4,nested,controlled,rotated,ellipse_02,ellipse_02_rot90,compatible,0.299813919484128,8a4618f7e21d67d1,0.7429744755204586,0.7420250773429871,0.2566970884799957,yes,yes,0.6854621171951294,3080,1.3126170999985334,0.02515039999889268,6.132611274719238
nf4,nested,controlled,rotated,ellipse_03,ellipse_03_rot90,compatible,0.29979681734150887,ce4b6011e4b2b3a2,0.761986143547519,0.7609628438949585,0.23769421875476837,yes,yes,0.6712091565132141,3080,1.2889011999996,0.02662129999953322,6.132611274719238
nf4,nested,controlled,rotated,dshape_01,dshape_01_rot90,compatible,0.2922746466650832,12723ddda28cfaa6,0.7527090254629278,0.7516403198242188,0.24693986773490906,yes,yes,0.6765573024749756,3080,1.2781938000007358,0.029429900001559872,6.132611274719238
nf4,nested,controlled,rotated,dshape_02,dshape_02_rot90,compatible,0.2829689679359062,fe28a83a456eab4e,0.7667071877718704,0.7655158638954163,0.23293031752109528,yes,yes,0.6633884310722351,3080,1.2984596000005695,0.028032800000801217,6.132611274719238
nf4,nested,controlled,rotated,dshape_03,dshape_03_rot90,compatible,0.2743944415034985,c889c3af12753d89,0.7523189025365945,0.7510285377502441,0.24725627899169922,yes,yes,0.6119229197502136,3080,1.2633755000006204,0.027014100000087637,6.132611274719238
nf4,nested,controlled,rotated,dshape_04,dshape_04_rot90,compatible,0.28653652858701567,602049c59e292069,0.7557533692265739,0.7544916868209839,0.24383887648582458,yes,yes,0.6129720211029053,3080,1.2507447999996657,0.02587659999880998,6.132611274719238
nf4,nested,controlled,rotated,cross_04,cross_04_rot90,compatible,0.2999096456088599,8715cb01d1f51794,0.7471424469073515,0.7456185221672058,0.2523418068885803,yes,yes,0.5667937994003296,3080,1.2916229000002204,0.029223300000012387,6.132611274719238
nf4,nested,controlled,clear_neg,ellipse_01,dshape_03,incompatible,-2.0,767343f100d48dec,0.7682863173099203,0.7673536539077759,0.23143239319324493,yes,yes,0.70713871717453,3080,1.31179610000072,0.028279800000746036,6.132611274719238
nf4,nested,controlled,clear_neg,ellipse_02,tube_03,incompatible,-2.0,1291cd55fcabf96f,0.7772963459425644,0.7764406800270081,0.22245849668979645,yes,yes,0.7252420783042908,3080,1.3169345000005706,0.03920110000035493,6.132611274719238
nf4,nested,controlled,clear_neg,ellipse_03,tube_01,incompatible,-2.0,942fa757b26c2755,0.7867181241307244,0.7858436107635498,0.21304479241371155,yes,yes,0.7250964045524597,3080,1.2774398000001383,0.02416619999894465,6.132611274719238
nf4,nested,controlled,clear_neg,dshape_01,tube_02,incompatible,-2.0,27597f7f0615bc81,0.7767673040350419,0.7758411169052124,0.2229665219783783,yes,yes,0.7191953659057617,3080,1.303805100000318,0.028125800001362222,6.132611274719238
nf4,nested,controlled,clear_neg,dshape_02,tube_03,incompatible,-2.0,359e1562489e9ce3,0.7787238602480432,0.7777199149131775,0.2209908664226532,yes,yes,0.693295955657959,3080,1.242369300000064,0.0260405000008177,6.132611274719238
nf4,nested,controlled,clear_neg,dshape_03,tube_01,incompatible,-2.0,557a696d832a2c67,0.7647794301261943,0.7637218832969666,0.23489530384540558,yes,yes,0.6784696578979492,3080,1.2078998000015417,0.02686090000133845,6.132611274719238
nf4,nested,controlled,clear_neg,dshape_04,tube_01,incompatible,-2.0,34f9501a77f01d1f,0.7636124869116729,0.7625320553779602,0.23605304956436157,yes,yes,0.6688010096549988,3080,1.2610093999992387,0.025367799999003182,6.132611274719238
nf4,nested,controlled,clear_neg,cross_01,tube_03,incompatible,-2.0,5e65821fc1494b07,0.7620341514635018,0.7609688639640808,0.23763318359851837,yes,yes,0.6661730408668518,3080,1.270566899998812,0.024824899999657646,6.132611274719238
nf4,nested,controlled,clear_neg,cross_02,ellipse_01,incompatible,-2.0,5e2692dab5b1beb8,0.7409807378625798,0.7397058010101318,0.25857359170913696,yes,yes,0.6160673499107361,3080,1.3112416000003577,0.02820869999959541,6.132611274719238
nf4,nested,controlled,clear_neg,cross_03,tube_01,incompatible,-2.0,41b7576f78d5720f,0.7535926625414264,0.7524924278259277,0.24604758620262146,yes,yes,0.6741105914115906,3080,1.2422568000001775,0.0271245000003546,6.132611274719238
nf4,nested,controlled,clear_neg,cross_04,dshape_03,incompatible,-2.0,ade8041ee1c632c9,0.7166112888270241,0.7153173089027405,0.28287699818611145,yes,yes,0.6003252863883972,3080,1.2615135000014561,0.03169310000157566,6.132611274719238
nf4,nested,controlled,clear_neg,tube_01,cross_01,incompatible,-2.0,688144c3df251c3c,0.7685293977394155,0.7672920227050781,0.23109792172908783,yes,yes,0.6322871446609497,3080,1.2234943999992538,0.03020250000008673,6.132611274719238
nf4,nested,controlled,clear_neg,tube_02,cross_01,incompatible,-2.0,9dfc926ceb6e2d66,0.7664474252694209,0.7652783989906311,0.23319634795188904,yes,yes,0.6531684994697571,3080,1.2603003999993234,0.026732399999673362,6.132611274719238
nf4,nested,controlled,clear_neg,tube_03,cross_04,incompatible,-2.0,1c0b91fe3b72e9d5,0.782105423031287,0.7809946537017822,0.21758511662483215,yes,yes,0.6345542073249817,3080,1.3050239000003785,0.026970400000209338,6.132611274719238
nf4,nested,controlled,hard_neg,cross_03,cross_04,incompatible,-0.7001953125,528023385247be33,0.7495112821871277,0.7479904890060425,0.24998046457767487,yes,yes,0.5621268153190613,3080,1.2742933000008634,0.028879800000140676,6.132611274719238
nf4,nested,controlled,hard_neg,cross_04,cross_01,incompatible,-0.2001953125,83f43c863c9d4514,0.7426120745634224,0.7409827709197998,0.25682321190834045,yes,yes,0.5250035524368286,3080,1.2710176000000502,0.03300189999936265,6.132611274719238
nf4,nested,controlled,hard_neg,tube_01,tube_03,incompatible,-1.7001953125,37bfe00eeed5cef5,0.8072820876208079,0.8064379096031189,0.19251638650894165,yes,yes,0.7500939965248108,3080,1.2506778999995731,0.03033559999857971,6.132611274719238
nf4,nested,controlled,hard_neg,cross_02,cross_03,incompatible,-1.9365234375,21f9bf4a8017c21c,0.7558704501316476,0.7543715238571167,0.24364542961120605,yes,yes,0.5511306524276733,3080,1.3184827000004589,0.024846599999364116,6.132611274719238
nf4,nested,controlled,hard_neg,dshape_01,dshape_03,incompatible,-1.912109375,2a747b3bf4ac9c31,0.7670413550269577,0.7659947276115417,0.23264077305793762,yes,yes,0.6956654787063599,3080,1.2904333999995288,0.02372020000075281,6.132611274719238
nf4,nested,controlled,hard_neg,tube_03,tube_01,incompatible,-1.7001953125,6f170d550ae9e4c6,0.8038828798573571,0.8030127286911011,0.19590483605861664,yes,yes,0.7391465306282043,3080,1.3077907000006235,0.025325200000224868,6.132611274719238
nf4,nested,controlled,hard_neg,ellipse_01,ellipse_02,incompatible,-0.7001953125,42d5d883f8ee78f5,0.7787986239589632,0.7778797745704651,0.22094039618968964,yes,yes,0.7141621112823486,3080,1.2641433000007964,0.02345950000017183,6.132611274719238
nf4,nested,controlled,hard_neg,dshape_02,dshape_03,incompatible,-0.7529296875,43758b88d5a7133d,0.7719734134484321,0.7708046436309814,0.22768135368824005,yes,yes,0.6760303974151611,3080,1.3086509999993723,0.025160900000628317,6.132611274719238
nf4,nested,controlled,hard_neg,tube_01,tube_02,incompatible,-1.2001953125,467bff81ce223648,0.810241744179067,0.8094158172607422,0.18956482410430908,yes,yes,0.7590730786323547,3080,1.2689461999998457,0.024420399999144138,6.132611274719238
nf4,nested,controlled,hard_neg,tube_03,tube_02,incompatible,-1.7001953125,ca55c55562845bd5,0.8140568191896826,0.8132328987121582,0.18575498461723328,yes,yes,0.7530485987663269,3080,1.4056868999996368,0.025521499999740627,6.132611274719238
nf4,nested,controlled,hard_neg,cross_04,cross_03,incompatible,-1.7001953125,231be3df731d5990,0.7524298381023717,0.750912070274353,0.247070774435997,yes,yes,0.5643367767333984,3080,1.4289264000017283,0.02989490000072692,6.132611274719238
nf4,nested,controlled,hard_neg,cross_02,cross_01,incompatible,-1.2001953125,f8891c97a35b0f7e,0.7483189782505869,0.7467007040977478,0.25113674998283386,yes,yes,0.5266342759132385,3080,1.4814830000013899,0.03409079999983078,6.132611274719238
nf4,nested,controlled,shrunk,cross_03,cross_03_c-0.3,incompatible,-0.4248046875,edc60efc09614fae,0.7472955655397712,0.7457658052444458,0.2521871328353882,yes,yes,0.5355467796325684,3080,1.3725455000003421,0.03701799999907962,6.132611274719238
nf4,nested,controlled,shrunk,cross_03,cross_03_c-1.0,incompatible,-1.4150390625,78029a92a641417a,0.7537403930438991,0.7522884607315063,0.24578523635864258,yes,yes,0.5802837014198303,3080,1.4794172999991133,0.034045599999444676,6.132611274719238
nf4,nested,controlled,shrunk,dshape_03,dshape_03_c-0.3,incompatible,-0.3623046875,d75e5f835a71d93c,0.7629081122321726,0.7616738080978394,0.23670829832553864,yes,yes,0.6470758318901062,3080,1.4441062000005331,0.035850400001436356,6.132611274719238
nf4,nested,controlled,shrunk,dshape_03,dshape_03_c-1.0,incompatible,-1.220703125,d77fbd5ac89b46a3,0.761502138682841,0.7602522373199463,0.2381063997745514,yes,yes,0.6380792260169983,3080,1.4327986000007513,0.03528120000009949,6.132611274719238
nf4,nested,controlled,shrunk,cross_01,cross_01_c-0.3,incompatible,-0.4248046875,dc0ae0b3685a642e,0.7441954167776105,0.74266517162323,0.2552785873413086,yes,yes,0.41153421998023987,3080,1.4316177000000607,0.037164299999858486,6.132611274719238
nf4,nested,controlled,shrunk,cross_01,cross_01_c-1.0,incompatible,-1.4150390625,ae727051aebcf0bd,0.7412965639030994,0.7398024797439575,0.25818201899528503,yes,yes,0.42133763432502747,3080,1.4362956999993912,0.03565409999828262,6.132611274719238
nf4,nested,controlled,shrunk,tube_02,tube_02_c-0.3,incompatible,-0.30078125,5aa3322bcf3febfd,0.8191228655063039,0.818311870098114,0.18069805204868317,yes,yes,0.7643651366233826,3080,1.4282609000001685,0.038545500001418986,6.132611274719238
nf4,nested,controlled,shrunk,tube_02,tube_02_c-1.0,incompatible,-1.0009765625,4b1a4cd0eb4c8462,0.8089402580322305,0.8080933094024658,0.19085970520973206,yes,yes,0.7465156316757202,3080,1.424544400000741,0.032676599999831524,6.132611274719238
nf4,flat,paper,nominal,ellipse_01,ellipse_01,compatible,0.29981020754907156,75e27003ed8ae93a,0.6319261376387567,0.6308079361915588,0.36742255091667175,yes,Yes,0.5370770692825317,14894,7.702555300000313,0.13608820000081323,7.777138710021973
nf4,flat,paper,nominal,ellipse_02,ellipse_02,compatible,0.299813919484128,9f9a8d122211e70c,0.6049009452797588,0.6038362979888916,0.3944036662578583,yes,Yes,0.5232300758361816,14894,7.821525299999848,0.16809789999933855,7.777138710021973
nf4,flat,paper,nominal,ellipse_03,ellipse_03,compatible,0.29979681734150887,a7af3e4f5acd5368,0.6098051187908688,0.6087104678153992,0.3894944489002228,yes,Yes,0.5133373737335205,14894,7.649613499999759,0.125010800000382,7.777138710021973
nf4,flat,paper,nominal,dshape_01,dshape_01,compatible,0.2922746466650832,b78de3844478c00a,0.5651822261643403,0.5642707943916321,0.43411657214164734,yes,Yes,0.5145580172538757,14894,7.727162600000156,0.13900260000082199,7.777138710021973
nf4,flat,paper,nominal,dshape_02,dshape_02,compatible,0.2829689679359062,cc9e97894a81d97d,0.6152386732581135,0.6141846179962158,0.38410213589668274,yes,Yes,0.5375607013702393,14894,7.802925199999663,0.14445049999994808,7.777138710021973
nf4,flat,paper,nominal,dshape_03,dshape_03,compatible,0.2743944415034985,82cedf3b15fd7f3f,0.6247125031753381,0.6237059831619263,0.37468284368515015,yes,Yes,0.5549753904342651,14894,6.858824499999173,0.134260799999538,7.777138710021973
nf4,flat,paper,nominal,dshape_04,dshape_04,compatible,0.28653652858701567,891cb7eca466fdb3,0.5773408731001767,0.5764114856719971,0.42197874188423157,yes,Yes,0.524176299571991,14894,7.0838067999993655,0.1132594999999128,7.777138710021973
nf4,flat,paper,nominal,cross_01,cross_01,compatible,0.2999096456088586,591efcaba9f53131,0.6320760182798865,0.6310793161392212,0.36734381318092346,yes,Yes,0.575523853302002,14894,7.824752399999852,0.14246280000043043,7.777138710021973
nf4,flat,paper,nominal,cross_02,cross_02,compatible,0.29990964560885724,15a4d556975d5c0a,0.6169191377548154,0.6159658432006836,0.3824889063835144,yes,Yes,0.5654546022415161,14894,7.3855304999997315,0.12672790000033274,7.777138710021973
nf4,flat,paper,nominal,cross_03,cross_03,compatible,0.2999096456088604,f956214ddb54ba0c,0.6116445983728142,0.6106128692626953,0.38770031929016113,yes,Yes,0.5469427108764648,14894,7.911604200000511,0.1448991000015667,7.777138710021973
nf4,flat,paper,nominal,cross_04,cross_04,compatible,0.2999096456088599,1f9b43b475da84b7,0.6370849357870568,0.6359513401985168,0.3622693121433258,yes,Yes,0.5463526844978333,14894,7.3385018999997556,0.15074789999925997,7.777138710021973
nf4,flat,paper,nominal,tube_01,tube_01,compatible,0.29990964560885974,a43db81b2e363361,0.6427777901981363,0.6417799592018127,0.3566676676273346,yes,Yes,0.5690751671791077,14894,7.183641399999033,0.13538449999941804,7.777138710021973
nf4,flat,paper,nominal,tube_02,tube_02,compatible,0.2999096456088599,4d7dabf0a91e236c,0.6748309637420503,0.67371666431427,0.32463210821151733,yes,Yes,0.5668146014213562,14894,7.463761900000463,0.12325920000148471,7.777138710021973
nf4,flat,paper,nominal,tube_03,tube_03,compatible,0.2999096456088598,20d45a2de9de9aab,0.6447690783644391,0.6438367366790771,0.3547172546386719,yes,Yes,0.5785925984382629,14894,8.145606199999747,0.09209449999980279,7.777138710021973
nf4,flat,paper,rotated,ellipse_01,ellipse_01_rot90,compatible,0.29981020754907156,93979c440c6e4314,0.5762586429559059,0.5752264261245728,0.4229823350906372,yes,Yes,0.5063458681106567,14894,7.942816299999322,0.13574510000034934,7.777138710021973
nf4,flat,paper,rotated,ellipse_02,ellipse_02_rot90,compatible,0.299813919484128,8a4618f7e21d67d1,0.5690111825084616,0.5679561495780945,0.43018969893455505,yes,Yes,0.49806031584739685,14894,7.911295899999459,0.14835059999859368,7.777138710021973
nf4,flat,paper,rotated,ellipse_03,ellipse_03_rot90,compatible,0.29979681734150887,ce4b6011e4b2b3a2,0.5805318010202483,0.5794490575790405,0.4186858534812927,yes,Yes,0.5051455497741699,14894,7.995252999999138,0.18015879999984463,7.777138710021973
nf4,flat,paper,rotated,dshape_01,dshape_01_rot90,compatible,0.2922746466650832,12723ddda28cfaa6,0.578758326948178,0.5777671337127686,0.42052024602890015,yes,Yes,0.5149258971214294,14894,7.718628499998886,0.13782679999894754,7.777138710021973
nf4,flat,paper,rotated,dshape_02,dshape_02_rot90,compatible,0.2829689679359062,fe28a83a456eab4e,0.6043513327481215,0.6033525466918945,0.3949947953224182,yes,Yes,0.5430067181587219,14894,7.428474099999221,0.11529429999973217,7.777138710021973
nf4,flat,paper,rotated,dshape_03,dshape_03_rot90,compatible,0.2743944415034985,c889c3af12753d89,0.613047803903485,0.6120151877403259,0.3863004148006439,yes,Yes,0.5454738140106201,14894,7.56524250000075,0.11740099999951781,7.777138710021973
nf4,flat,paper,rotated,dshape_04,dshape_04_rot90,compatible,0.28653652858701567,602049c59e292069,0.5909897641035688,0.5900593996047974,0.4083663523197174,yes,Yes,0.5430095195770264,14894,7.351463699998931,0.10904789999949571,7.777138710021973
nf4,flat,paper,rotated,cross_04,cross_04_rot90,compatible,0.2999096456088599,8715cb01d1f51794,0.6189313060227838,0.6179105639457703,0.38044023513793945,yes,Yes,0.5552687048912048,14894,7.577249500000107,0.1270105000003241,7.777138710021973
nf4,flat,paper,clear_neg,ellipse_01,dshape_03,incompatible,-2.0,767343f100d48dec,0.6024536742305384,0.6013132929801941,0.39679381251335144,yes,Yes,0.5083386898040771,14894,7.599913500000184,0.11889599999994971,7.777138710021973
nf4,flat,paper,clear_neg,ellipse_02,tube_03,incompatible,-2.0,1291cd55fcabf96f,0.6219785553357057,0.6209157705307007,0.3773755133152008,yes,Yes,0.5413202047348022,14894,7.478290499999275,0.10562409999874944,7.777138710021973
nf4,flat,paper,clear_neg,ellipse_03,tube_01,incompatible,-2.0,942fa757b26c2755,0.6407365958535851,0.6395862102508545,0.3586183786392212,yes,Yes,0.5298184156417847,14894,7.5235217999997985,0.09627949999958219,7.777138710021973
nf4,flat,paper,clear_neg,dshape_01,tube_02,incompatible,-2.0,27597f7f0615bc81,0.6319446938757535,0.6307849884033203,0.3673798739910126,yes,Yes,0.5153352618217468,14894,7.70287559999997,0.12199010000040289,7.777138710021973
nf4,flat,paper,clear_neg,dshape_02,tube_03,incompatible,-2.0,359e1562489e9ce3,0.6196167686664937,0.6185764670372009,0.37974458932876587,yes,Yes,0.5337331891059875,14894,7.653148499999588,0.1237950999984605,7.777138710021973
nf4,flat,paper,clear_neg,dshape_03,tube_01,incompatible,-2.0,557a696d832a2c67,0.6184715609195193,0.6173861622810364,0.3808588683605194,yes,Yes,0.5193935632705688,14894,7.753890500000125,0.12042100000144274,7.777138710021973
nf4,flat,paper,clear_neg,dshape_04,tube_01,incompatible,-2.0,34f9501a77f01d1f,0.6135830282647602,0.6125149130821228,0.3857443034648895,yes,Yes,0.5214797854423523,14894,7.649824899999658,0.11942780000026687,7.777138710021973
nf4,flat,paper,clear_neg,cross_01,tube_03,incompatible,-2.0,5e65821fc1494b07,0.5936661749612756,0.592614471912384,0.4056139886379242,yes,Yes,0.5021985173225403,14894,6.88182549999874,0.11333679999916058,7.777138710021973
nf4,flat,paper,clear_neg,cross_02,ellipse_01,incompatible,-2.0,5e2692dab5b1beb8,0.5712324349478646,0.5701817274093628,0.42797890305519104,yes,Yes,0.4831697642803192,14894,7.053870599998845,0.12630329999956302,7.777138710021973
nf4,flat,paper,clear_neg,cross_03,tube_01,incompatible,-2.0,41b7576f78d5720f,0.5885235300163252,0.5874029397964478,0.4106929898262024,yes,Yes,0.4826158583164215,14894,7.151343599998654,0.11147319999872707,7.777138710021973
nf4,flat,paper,clear_neg,cross_04,dshape_03,incompatible,-2.0,ade8041ee1c632c9,0.5502925751706396,0.5492026805877686,0.4488167464733124,yes,Yes,0.44869545102119446,14894,7.486014800000703,0.10151570000016363,7.777138710021973
nf4,flat,paper,clear_neg,tube_01,cross_01,incompatible,-2.0,688144c3df251c3c,0.6325192684119925,0.6313324570655823,0.3667912185192108,yes,Yes,0.5243611335754395,14894,7.749156500000026,0.11367400000017369,7.777138710021973
nf4,flat,paper,clear_neg,tube_02,cross_01,incompatible,-2.0,9dfc926ceb6e2d66,0.6330577045581136,0.6318461298942566,0.3662400245666504,yes,Yes,0.5191349387168884,14894,7.728262299999187,0.1415077999990899,7.777138710021973
nf4,flat,paper,clear_neg,tube_03,cross_04,incompatible,-2.0,1c0b91fe3b72e9d5,0.6408380403430337,0.6397011280059814,0.35852476954460144,yes,Yes,0.5270567536354065,14894,7.694181099999696,0.12460449999889534,7.777138710021973
nf4,flat,paper,hard_neg,cross_03,cross_04,incompatible,-0.7001953125,528023385247be33,0.629432089509304,0.6282983422279358,0.3699004352092743,yes,Yes,0.5421164631843567,14894,7.6742752000009204,0.14153330000044662,7.777138710021973
nf4,flat,paper,hard_neg,cross_04,cross_01,incompatible,-0.2001953125,83f43c863c9d4514,0.6260032346142532,0.624967098236084,0.3733777403831482,yes,Yes,0.5607097148895264,14894,7.732593099999576,0.12709739999991143,7.777138710021973
nf4,flat,paper,hard_neg,tube_01,tube_03,incompatible,-1.7001953125,37bfe00eeed5cef5,0.6457820893619246,0.6447947025299072,0.35367631912231445,yes,Yes,0.5737399458885193,14894,7.7339250999993965,0.12808719999884488,7.777138710021973
nf4,flat,paper,hard_neg,cross_02,cross_03,incompatible,-1.9365234375,21f9bf4a8017c21c,0.6136316155973268,0.612670361995697,0.38576313853263855,yes,Yes,0.5602321624755859,14894,7.221539000000121,0.09805770000093617,7.777138710021973
nf4,flat,paper,hard_neg,dshape_01,dshape_03,incompatible,-1.912109375,2a747b3bf4ac9c31,0.5971391089444561,0.5960805416107178,0.40214672684669495,yes,Yes,0.5164834856987,14894,7.07298769999943,0.1516825999988214,7.777138710021973
nf4,flat,paper,hard_neg,tube_03,tube_01,incompatible,-1.7001953125,6f170d550ae9e4c6,0.6347040215470539,0.6337707042694092,0.36475881934165955,yes,Yes,0.5677273869514465,14894,7.170293099999981,0.10700440000073286,7.777138710021973
nf4,flat,paper,hard_neg,ellipse_01,ellipse_02,incompatible,-0.7001953125,42d5d883f8ee78f5,0.6165050527795192,0.6154009103775024,0.382808119058609,yes,Yes,0.5263578295707703,14894,6.441786699999284,0.11165900000014517,7.777138710021973
nf4,flat,paper,hard_neg,dshape_02,dshape_03,incompatible,-0.7529296875,43758b88d5a7133d,0.6223565535506195,0.6213025450706482,0.37700387835502625,yes,Yes,0.5437984466552734,14894,6.178936899999826,0.10010309999961464,7.777138710021973
nf4,flat,paper,hard_neg,tube_01,tube_02,incompatible,-1.2001953125,467bff81ce223648,0.6633983357685813,0.6623156070709229,0.3360522985458374,yes,Yes,0.5690326690673828,14894,6.3181352999999945,0.10977240000102029,7.777138710021973
nf4,flat,paper,hard_neg,tube_03,tube_02,incompatible,-1.7001953125,ca55c55562845bd5,0.6648157563412602,0.6638069152832031,0.3346756100654602,yes,Yes,0.581042468547821,14894,6.271302299999661,0.10675730000002659,7.777138710021973
nf4,flat,paper,hard_neg,cross_04,cross_03,incompatible,-1.7001953125,231be3df731d5990,0.6152417424976607,0.6142324209213257,0.38412705063819885,yes,Yes,0.5519582629203796,14894,6.288314600000376,0.10276000000158092,7.777138710021973
nf4,flat,paper,hard_neg,cross_02,cross_01,incompatible,-1.2001953125,f8891c97a35b0f7e,0.6139519256505749,0.6129831075668335,0.3854388892650604,yes,Yes,0.5597612857818604,14894,6.264782500000365,0.10053599999992002,7.777138710021973
nf4,flat,paper,shrunk,cross_03,cross_03_c-0.3,incompatible,-0.4248046875,edc60efc09614fae,0.6150817438273204,0.6140720248222351,0.38428637385368347,yes,Yes,0.5526778697967529,14894,6.285030099999858,0.09981650000008813,7.777138710021973
nf4,flat,paper,shrunk,cross_03,cross_03_c-1.0,incompatible,-1.4150390625,78029a92a641417a,0.6156738416065795,0.6146457195281982,0.383684366941452,yes,Yes,0.5487555265426636,14894,6.289148600000772,0.11134270000002289,7.777138710021973
nf4,flat,paper,shrunk,dshape_03,dshape_03_c-0.3,incompatible,-0.3623046875,d75e5f835a71d93c,0.6216453776785711,0.6206446886062622,0.3777455687522888,yes,Yes,0.550331175327301,14894,6.347567400000116,0.11094120000052499,7.777138710021973
nf4,flat,paper,shrunk,dshape_03,dshape_03_c-1.0,incompatible,-1.220703125,d77fbd5ac89b46a3,0.6267521106642557,0.6257265210151672,0.3726371228694916,yes,Yes,0.5476875901222229,14894,6.303765900000144,0.09430330000031972,7.777138710021973
nf4,flat,paper,shrunk,cross_01,cross_01_c-0.3,incompatible,-0.4248046875,dc0ae0b3685a642e,0.6173784112656289,0.6164563298225403,0.38205012679100037,yes,Yes,0.565210223197937,14894,6.3490130999998655,0.10552370000004885,7.777138710021973
nf4,flat,paper,shrunk,cross_01,cross_01_c-1.0,incompatible,-1.4150390625,ae727051aebcf0bd,0.6131293999578677,0.6122081279754639,0.3862892985343933,yes,Yes,0.5641518235206604,14894,6.343229400001292,0.09499640000103682,7.777138710021973
nf4,flat,paper,shrunk,tube_02,tube_02_c-0.3,incompatible,-0.30078125,5aa3322bcf3febfd,0.6738442663294516,0.6727728247642517,0.3256371319293976,yes,Yes,0.574166476726532,14894,6.3543853999999556,0.10539049999897543,7.777138710021973
nf4,flat,paper,shrunk,tube_02,tube_02_c-1.0,incompatible,-1.0009765625,4b1a4cd0eb4c8462,0.6607017559989352,0.6596370935440063,0.33875149488449097,yes,Yes,0.5603510141372681,14894,6.370660099999441,0.11027789999934612,7.777138710021973
nf4,flat,controlled,nominal,ellipse_01,ellipse_01,compatible,0.29981020754907156,75e27003ed8ae93a,0.8324414918914155,0.8315796256065369,0.1673850268125534,yes,yes,0.7400315403938293,14956,6.252053100000921,0.10394289999931061,7.785388469696045
nf4,flat,controlled,nominal,ellipse_02,ellipse_02,compatible,0.299813919484128,9f9a8d122211e70c,0.8240432633473689,0.8231071829795837,0.17575685679912567,yes,yes,0.7162683606147766,14956,6.312414199999694,0.09349429999929271,7.785388469696045
nf4,flat,controlled,nominal,ellipse_03,ellipse_03,compatible,0.29979681734150887,a7af3e4f5acd5368,0.8120113782016856,0.8110987544059753,0.1877773404121399,yes,yes,0.7140877842903137,14956,6.546822999998767,0.09366919999956735,7.785388469696045
nf4,flat,controlled,nominal,dshape_01,dshape_01,compatible,0.2922746466650832,b78de3844478c00a,0.8013306834861382,0.8002120852470398,0.19839198887348175,yes,yes,0.6682000756263733,14956,6.2936366999983875,0.10156409999945026,7.785388469696045
nf4,flat,controlled,nominal,dshape_02,dshape_02,compatible,0.2829689679359062,cc9e97894a81d97d,0.8142704363077744,0.8131569623947144,0.18547558784484863,yes,yes,0.6644869446754456,14956,6.26703980000093,0.10618520000025455,7.785388469696045
nf4,flat,controlled,nominal,dshape_03,dshape_03,compatible,0.2743944415034985,82cedf3b15fd7f3f,0.8142699136864716,0.813181459903717,0.18548181653022766,yes,yes,0.692453920841217,14956,6.383586500000092,0.11592770000061137,7.785388469696045
nf4,flat,controlled,nominal,dshape_04,dshape_04,compatible,0.28653652858701567,891cb7eca466fdb3,0.8003857246369167,0.7992496490478516,0.19933094084262848,yes,yes,0.6474431753158569,14956,6.279464400000506,0.09063339999920572,7.785388469696045
nf4,flat,controlled,nominal,cross_01,cross_01,compatible,0.2999096456088586,591efcaba9f53131,0.7791447507341849,0.7777876853942871,0.2204705774784088,yes,yes,0.5252729654312134,14956,6.400169900000037,0.11212909999994736,7.785388469696045
nf4,flat,controlled,nominal,cross_02,cross_02,compatible,0.29990964560885724,15a4d556975d5c0a,0.7794417076067783,0.7780697345733643,0.2201700657606125,yes,yes,0.5281081795692444,14956,6.308998900000006,0.11382609999964188,7.785388469696045
nf4,flat,controlled,nominal,cross_03,cross_03,compatible,0.2999096456088604,f956214ddb54ba0c,0.7782771896397259,0.7769363522529602,0.2213408201932907,yes,yes,0.5793417096138,14956,6.314032499998575,0.09381450000000768,7.785388469696045
nf4,flat,controlled,nominal,cross_04,cross_04,compatible,0.2999096456088599,1f9b43b475da84b7,0.7909825727097751,0.7897302508354187,0.20868650078773499,yes,yes,0.611352801322937,14956,6.3184879000000365,0.11165690000052564,7.785388469696045
nf4,flat,controlled,nominal,tube_01,tube_01,compatible,0.29990964560885974,a43db81b2e363361,0.8409683326545395,0.840019166469574,0.15885217487812042,yes,yes,0.7153497338294983,14956,6.333593999999721,0.10928559999956633,7.785388469696045
nf4,flat,controlled,nominal,tube_02,tube_02,compatible,0.2999096456088599,4d7dabf0a91e236c,0.8545129585927389,0.8536355495452881,0.14533765614032745,yes,yes,0.7443743944168091,14956,6.368114400000195,0.10971569999856001,7.785388469696045
nf4,flat,controlled,nominal,tube_03,tube_03,compatible,0.2999096456088598,20d45a2de9de9aab,0.8420656624461335,0.8411048054695129,0.15775412321090698,yes,yes,0.6931619048118591,14956,6.37293789999967,0.09581830000024638,7.785388469696045
nf4,flat,controlled,rotated,ellipse_01,ellipse_01_rot90,compatible,0.29981020754907156,93979c440c6e4314,0.8160667202468259,0.815165638923645,0.18373018503189087,yes,yes,0.7190155386924744,14956,6.384559999998601,0.11173499999858905,7.785388469696045
nf4,flat,controlled,rotated,ellipse_02,ellipse_02_rot90,compatible,0.299813919484128,8a4618f7e21d67d1,0.8189548707285512,0.8180443644523621,0.18084384500980377,yes,yes,0.7279834747314453,14956,6.344858000000386,0.09531070000048203,7.785388469696045
nf4,flat,controlled,rotated,ellipse_03,ellipse_03_rot90,compatible,0.29979681734150887,ce4b6011e4b2b3a2,0.8092744836893467,0.8082830905914307,0.19049187004566193,yes,yes,0.6898687481880188,14956,6.366006700000071,0.10863419999986945,7.785388469696045
nf4,flat,controlled,rotated,dshape_01,dshape_01_rot90,compatible,0.2922746466650832,12723ddda28cfaa6,0.8043264408368688,0.8032490015029907,0.19541144371032715,yes,yes,0.6758503317832947,14956,6.3132053000008455,0.10485250000056112,7.785388469696045
nf4,flat,controlled,rotated,dshape_02,dshape_02_rot90,compatible,0.2829689679359062,fe28a83a456eab4e,0.8117028983501424,0.8105682730674744,0.18803389370441437,yes,yes,0.6546581983566284,14956,6.347097699999722,0.10365120000096795,7.785388469696045
nf4,flat,controlled,rotated,dshape_03,dshape_03_rot90,compatible,0.2743944415034985,c889c3af12753d89,0.8025727704502089,0.8013916015625,0.19713667035102844,yes,yes,0.6372859477996826,14956,6.324994100001277,0.10668470000018715,7.785388469696045
nf4,flat,controlled,rotated,dshape_04,dshape_04_rot90,compatible,0.28653652858701567,602049c59e292069,0.8006572623723783,0.7994205355644226,0.19903482496738434,yes,yes,0.6054554581642151,14956,6.42195989999891,0.09807179999916116,7.785388469696045
nf4,flat,controlled,rotated,cross_04,cross_04_rot90,compatible,0.2999096456088599,8715cb01d1f51794,0.7829484184565395,0.7816203236579895,0.21668340265750885,yes,yes,0.575808584690094,14956,6.378907300000719,0.1124033000014606,7.785388469696045
nf4,flat,controlled,clear_neg,ellipse_01,dshape_03,incompatible,-2.0,767343f100d48dec,0.8225427276651067,0.8216240406036377,0.17725907266139984,yes,yes,0.7192443609237671,14956,6.441449299998567,0.11142999999901804,7.785388469696045
nf4,flat,controlled,clear_neg,ellipse_02,tube_03,incompatible,-2.0,1291cd55fcabf96f,0.8309229564400534,0.8300120830535889,0.16889169812202454,yes,yes,0.7334533929824829,14956,6.462036000000808,0.10225519999949029,7.785388469696045
nf4,flat,controlled,clear_neg,ellipse_03,tube_01,incompatible,-2.0,942fa757b26c2755,0.8325137518705698,0.8316230177879333,0.167307049036026,yes,yes,0.7237070202827454,14956,6.397053500000766,0.10617959999945015,7.785388469696045
nf4,flat,controlled,clear_neg,dshape_01,tube_02,incompatible,-2.0,27597f7f0615bc81,0.8386458091073856,0.8377619981765747,0.1611841470003128,yes,yes,0.7468127608299255,14956,6.48944819999997,0.10804939999979979,7.785388469696045
nf4,flat,controlled,clear_neg,dshape_02,tube_03,incompatible,-2.0,359e1562489e9ce3,0.8251366915102286,0.8241304159164429,0.17465005815029144,yes,yes,0.7001726031303406,14956,6.385112500000105,0.10023350000119535,7.785388469696045
nf4,flat,controlled,clear_neg,dshape_03,tube_01,incompatible,-2.0,557a696d832a2c67,0.8210743541866027,0.8200957775115967,0.178712397813797,yes,yes,0.70624178647995,14956,6.280465499999991,0.10234289999971224,7.785388469696045
nf4,flat,controlled,clear_neg,dshape_04,tube_01,incompatible,-2.0,34f9501a77f01d1f,0.8228701534843916,0.8218928575515747,0.17691947519779205,yes,yes,0.6982796788215637,14956,6.365516199999547,0.09477010000045993,7.785388469696045
nf4,flat,controlled,clear_neg,cross_01,tube_03,incompatible,-2.0,5e65821fc1494b07,0.7837703872339448,0.7825449705123901,0.2158915400505066,yes,yes,0.5789121985435486,14956,6.284250700000484,0.09845830000085698,7.785388469696045
nf4,flat,controlled,clear_neg,cross_02,ellipse_01,incompatible,-2.0,5e2692dab5b1beb8,0.7746425843860237,0.7733529806137085,0.22498224675655365,yes,yes,0.5766763091087341,14956,6.505276299998513,0.10142379999888362,7.785388469696045
nf4,flat,controlled,clear_neg,cross_03,tube_01,incompatible,-2.0,41b7576f78d5720f,0.7878705074710644,0.7866791486740112,0.2118087261915207,yes,yes,0.6195135116577148,14956,7.066535800000565,0.11091900000064925,7.785388469696045
nf4,flat,controlled,clear_neg,cross_04,dshape_03,incompatible,-2.0,ade8041ee1c632c9,0.7697836820562481,0.7685332298278809,0.22984234988689423,yes,yes,0.5970278978347778,14956,6.757372400001259,0.1350614000002679,7.785388469696045
nf4,flat,controlled,clear_neg,tube_01,cross_01,incompatible,-2.0,688144c3df251c3c,0.8123831666371425,0.8112896084785461,0.18736428022384644,yes,yes,0.6892176866531372,14956,7.129537200000414,0.10649030000058701,7.785388469696045
nf4,flat,controlled,clear_neg,tube_02,cross_01,incompatible,-2.0,9dfc926ceb6e2d66,0.8031725110560441,0.8020482659339905,0.19655197858810425,yes,yes,0.6748324632644653,14956,6.986545699999624,0.1383533999996871,7.785388469696045
nf4,flat,controlled,clear_neg,tube_03,cross_04,incompatible,-2.0,1c0b91fe3b72e9d5,0.8241573302751514,0.8231756687164307,0.17563322186470032,yes,yes,0.7073310017585754,14956,6.368345000000772,0.11085880000064208,7.785388469696045
nf4,flat,controlled,hard_neg,cross_03,cross_04,incompatible,-0.7001953125,528023385247be33,0.7883898530063184,0.78711998462677,0.2112693041563034,yes,yes,0.6093217730522156,14956,6.365337100000033,0.10379960000136634,7.785388469696045
nf4,flat,controlled,hard_neg,cross_04,cross_01,incompatible,-0.2001953125,83f43c863c9d4514,0.7849016058984055,0.783592700958252,0.21473969519138336,yes,yes,0.579632580280304,14956,6.819105300000956,0.10285060000023805,7.785388469696045
nf4,flat,controlled,hard_neg,tube_01,tube_03,incompatible,-1.7001953125,37bfe00eeed5cef5,0.8449478288551348,0.8440195918083191,0.15488183498382568,yes,yes,0.7220430970191956,14956,7.0985481000006985,0.11272790000111854,7.785388469696045
nf4,flat,controlled,hard_neg,cross_02,cross_03,incompatible,-1.9365234375,21f9bf4a8017c21c,0.7755347872519225,0.7741563320159912,0.22406624257564545,yes,yes,0.5435144901275635,14956,7.367452200000116,0.12457419999918784,7.785388469696045
nf4,flat,controlled,hard_neg,dshape_01,dshape_03,incompatible,-1.912109375,2a747b3bf4ac9c31,0.8144025198304503,0.8133826851844788,0.18536506593227386,yes,yes,0.7034096121788025,14956,7.560494900000776,0.15455149999979767,7.785388469696045
nf4,flat,controlled,hard_neg,tube_03,tube_01,incompatible,-1.7001953125,6f170d550ae9e4c6,0.8360898248995529,0.8351262807846069,0.16372127830982208,yes,yes,0.6919729113578796,14956,6.891868499998964,0.1202486999991379,7.785388469696045
nf4,flat,controlled,hard_neg,ellipse_01,ellipse_02,incompatible,-0.7001953125,42d5d883f8ee78f5,0.8257498094700941,0.8248298168182373,0.1740560531616211,yes,yes,0.716306209564209,14956,6.746884600001067,0.11256330000105663,7.785388469696045
nf4,flat,controlled,hard_neg,dshape_02,dshape_03,incompatible,-0.7529296875,43758b88d5a7133d,0.8210789035933787,0.8200245499610901,0.1786913424730301,yes,yes,0.7014843225479126,14956,6.476072800000111,0.09072140000171203,7.785388469696045
nf4,flat,controlled,hard_neg,tube_01,tube_02,incompatible,-1.2001953125,467bff81ce223648,0.8542699961539145,0.8533881902694702,0.14557957649230957,yes,yes,0.7411513924598694,14956,34.043755099999544,0.08970709999994142,7.785388469696045
nf4,flat,controlled,hard_neg,tube_03,tube_02,incompatible,-1.7001953125,ca55c55562845bd5,0.8536054454200563,0.8526973724365234,0.14623881876468658,yes,yes,0.7193025350570679,14956,62.635393500000646,0.08643210000082036,7.785388469696045
nf4,flat,controlled,hard_neg,cross_04,cross_03,incompatible,-1.7001953125,231be3df731d5990,0.7786345379679773,0.777312159538269,0.22098951041698456,yes,yes,0.5749953389167786,14956,66.71089790000042,0.16209650000018883,7.785388469696045
nf4,flat,controlled,hard_neg,cross_02,cross_01,incompatible,-1.2001953125,f8891c97a35b0f7e,0.7785339250620052,0.7771673202514648,0.2210773229598999,yes,yes,0.5379428863525391,14956,55.68990620000113,0.2103058000011515,7.785388469696045
nf4,flat,controlled,shrunk,cross_03,cross_03_c-0.3,incompatible,-0.4248046875,edc60efc09614fae,0.7800628672562525,0.7787149548530579,0.21955709159374237,yes,yes,0.564114511013031,14956,49.509454999999434,0.14149259999976493,7.785388469696045
nf4,flat,controlled,shrunk,cross_03,cross_03_c-1.0,incompatible,-1.4150390625,78029a92a641417a,0.7889778351243131,0.7876806259155273,0.2106752097606659,yes,yes,0.5802914500236511,14956,63.98100599999998,0.20001050000064424,7.785388469696045
nf4,flat,controlled,shrunk,dshape_03,dshape_03_c-0.3,incompatible,-0.3623046875,d75e5f835a71d93c,0.8164775743154733,0.8153758645057678,0.1832747906446457,yes,yes,0.6809025406837463,14956,58.458124799999496,0.1916866999999911,7.785388469696045
nf4,flat,controlled,shrunk,dshape_03,dshape_03_c-1.0,incompatible,-1.220703125,d77fbd5ac89b46a3,0.8233965658163818,0.8223241567611694,0.1763734221458435,yes,yes,0.6919288635253906,14956,51.09555200000068,0.17361630000050354,7.785388469696045
nf4,flat,controlled,shrunk,cross_01,cross_01_c-0.3,incompatible,-0.4248046875,dc0ae0b3685a642e,0.7703881053074326,0.7690592408180237,0.2292158305644989,yes,yes,0.4670606255531311,14956,61.222362199998315,7.3845085999982985,7.785388469696045
nf4,flat,controlled,shrunk,cross_01,cross_01_c-1.0,incompatible,-1.4150390625,ae727051aebcf0bd,0.76818041878907,0.7668209075927734,0.23140931129455566,yes,yes,0.4599766433238983,14956,59.87002810000013,0.16055339999911666,7.785388469696045
nf4,flat,controlled,shrunk,tube_02,tube_02_c-0.3,incompatible,-0.30078125,5aa3322bcf3febfd,0.8608859348201785,0.8600223660469055,0.13897451758384705,yes,yes,0.7390378713607788,14956,50.622180899999876,0.13008970000009867,7.785388469696045
nf4,flat,controlled,shrunk,tube_02,tube_02_c-1.0,incompatible,-1.0009765625,4b1a4cd0eb4c8462,0.8593944808430738,0.8585565090179443,0.14046841859817505,yes,yes,0.7471666932106018,14956,70.59204500000124,0.12698060000002442,7.785388469696045
