split,family,peg_id,n,n_left_censored,min_p_yes,max_p_yes,p_yes_range,resolved_score_rises,resolved_score_falls,resolved_score_ties,unresolved_margin_steps,nonmonotonic_on_resolved_steps,violates_nondecreasing_response,tau_response,n_observed_gate_transitions,transitions
test,chamfered,chamfered_01,7,0,0.7656451199872427,0.7758566769463229,0.01021155695908016,2,4,0,0,True,True,always_rejects,0,[]
test,chamfered,chamfered_02,7,0,0.7648003897898615,0.7743043304520366,0.009503940662175081,3,3,0,0,True,True,always_rejects,0,[]
test,chamfered,chamfered_03,7,0,0.7672931189636738,0.784720564809088,0.017427445845414224,1,5,0,0,True,True,always_rejects,0,[]
test,chamfered,chamfered_04,7,0,0.7718156279472047,0.7801321711448223,0.008316543197617543,3,3,0,0,True,True,always_rejects,0,[]
test,circle,circle_01,7,0,0.8226141441384772,0.8297886043704935,0.007174460232016289,3,3,0,0,True,True,always_accepts,0,[]
test,circle,circle_02,7,0,0.8212697779092604,0.8279710363779562,0.006701258468695848,1,5,0,0,True,True,always_accepts,0,[]
test,circle,circle_03,7,0,0.8153568397172413,0.8237971003757032,0.008440260658461929,2,4,0,0,True,True,always_accepts,0,[]
test,circle,circle_04,7,0,0.8137068322216734,0.8196198082137205,0.005912975992047098,4,2,0,0,True,True,always_accepts,0,[]
test,circle,circle_05,7,0,0.8111564167249391,0.8201351470625885,0.008978730337649399,3,3,0,0,True,True,always_accepts,0,[]
test,double_d,double_d_01,7,0,0.7980983998370019,0.8081547893035191,0.010056389466517213,3,3,0,0,True,True,always_accepts,0,[]
test,double_d,double_d_02,7,0,0.7932338314456225,0.8061341640616881,0.012900332616065602,3,3,0,0,True,True,always_accepts,0,[]
test,double_d,double_d_03,7,0,0.7912680365549762,0.8014135961358729,0.01014555958089669,3,3,0,0,True,True,always_accepts,0,[]
calib,ell,ell_01,7,0,0.7788494122228292,0.7893545855594294,0.010505173336600171,3,3,0,0,True,True,one_observed_transition,1,"[{""direction_with_increasing_offset"": ""accept_to_reject"", ""from_margin_mm"": -1.998, ""from_margin_relation"": ""="", ""from_offset_mm"": -1.2, ""to_margin_mm"": -0.9912, ""to_margin_relation"": ""="", ""to_offset_mm"": -0.6}]"
calib,ell,ell_02,7,0,0.7557147902712789,0.7693147497165974,0.013599959445318555,3,3,0,0,True,True,always_rejects,0,[]
calib,ell,ell_03,7,0,0.7870039873201902,0.7979171154897927,0.010913128169602548,2,4,0,0,True,True,multiple_observed_transitions,4,"[{""direction_with_increasing_offset"": ""accept_to_reject"", ""from_margin_mm"": -0.9766, ""from_margin_relation"": ""="", ""from_offset_mm"": -0.6, ""to_margin_mm"": -0.4873, ""to_margin_relation"": ""="", ""to_offset_mm"": -0.3}, {""direction_with_increasing_offset"": ""reject_to_accept"", ""from_margin_mm"": -0.4873, ""from_margin_relation"": ""="", ""from_offset_mm"": -0.3, ""to_margin_mm"": -0.1621, ""to_margin_relation"": ""="", ""to_offset_mm"": -0.1}, {""direction_with_increasing_offset"": ""accept_to_reject"", ""from_margin_mm"": -0.1621, ""from_margin_relation"": ""="", ""from_offset_mm"": -0.1, ""to_margin_mm"": 0.0, ""to_margin_relation"": ""="", ""to_offset_mm"": 0.0}, {""direction_with_increasing_offset"": ""reject_to_accept"", ""from_margin_mm"": 0.08, ""from_margin_relation"": ""="", ""from_offset_mm"": 0.1, ""to_margin_mm"": 0.2417, ""to_margin_relation"": ""="", ""to_offset_mm"": 0.3}]"
calib,ell,ell_04,7,0,0.7713534200917471,0.7819369625030473,0.010583542411300217,2,4,0,0,True,True,always_rejects,0,[]
calib,ell,ell_05,7,1,0.7505970450929951,0.7728156210906908,0.022218575997695722,5,0,0,1,False,False,always_rejects,0,[]
calib,ell,ell_06,7,1,0.7550388659714464,0.7718920352335037,0.016853169262057266,4,1,0,1,True,True,always_rejects,0,[]
calib,gear,gear_01,7,0,0.7975367924619958,0.810682011186036,0.013145218724040175,3,3,0,0,True,True,always_accepts,0,[]
calib,gear,gear_02,7,0,0.7792115475708157,0.8083967731000705,0.029185225529254843,2,4,0,0,True,True,one_observed_transition,1,"[{""direction_with_increasing_offset"": ""accept_to_reject"", ""from_margin_mm"": -0.7588, ""from_margin_relation"": ""="", ""from_offset_mm"": -0.6, ""to_margin_mm"": -0.3799, ""to_margin_relation"": ""="", ""to_offset_mm"": -0.3}]"
calib,gear,gear_03,7,0,0.76205166994909,0.7819583452294585,0.01990667528036849,3,3,0,0,True,True,always_rejects,0,[]
test,keyed,keyed_01,7,0,0.8122242150405836,0.8231093819887969,0.010885166948213287,2,4,0,0,True,True,always_accepts,0,[]
test,keyed,keyed_02,7,0,0.8045269900217895,0.8131857344703357,0.008658744448546196,3,3,0,0,True,True,always_accepts,0,[]
test,keyed,keyed_03,7,0,0.8214370395595013,0.8281812153419462,0.0067441757824449056,2,4,0,0,True,True,always_accepts,0,[]
test,keyed,keyed_04,7,0,0.818755312064213,0.8224557875896332,0.003700475525420188,3,3,0,0,True,True,always_accepts,0,[]
test,keyed,keyed_05,7,0,0.8122240115377634,0.8176833990807264,0.005459387542963046,4,2,0,0,True,True,always_accepts,0,[]
calib,notched,notched_01,7,0,0.8001167481347008,0.805504065098395,0.005387316963694211,3,3,0,0,True,True,always_accepts,0,[]
calib,notched,notched_02,7,2,0.7563178119959605,0.7717456483363611,0.01542783634040057,3,1,0,2,True,True,always_rejects,0,[]
calib,notched,notched_03,7,2,0.7617542478047905,0.7875760699193136,0.025821822114523107,2,2,0,2,True,True,always_rejects,0,[]
calib,notched,notched_04,7,1,0.8085475696219507,0.8145039596762432,0.005956390054292493,3,2,0,1,True,True,always_accepts,0,[]
test,obround,obround_01,7,0,0.8079077076239191,0.8215200927022572,0.013612385078338174,3,3,0,0,True,True,always_accepts,0,[]
test,obround,obround_02,7,0,0.8160855295045993,0.820644346203399,0.00455881669879965,2,4,0,0,True,True,always_accepts,0,[]
test,obround,obround_03,7,0,0.8198953249987024,0.8298093518435306,0.009914026844828117,3,3,0,0,True,True,always_accepts,0,[]
test,polygon,polygon_01,7,1,0.7898363900480881,0.8006567612069163,0.010820371158828168,3,2,0,1,True,True,always_accepts,0,[]
test,polygon,polygon_02,7,0,0.8129999766785168,0.8226054238525924,0.009605447174075632,3,3,0,0,True,True,always_accepts,0,[]
test,polygon,polygon_03,7,0,0.8253243906631396,0.841031336142013,0.015706945478873413,2,4,0,0,True,True,always_accepts,0,[]
test,polygon,polygon_04,7,0,0.836293631201909,0.847877909102724,0.011584277900814954,3,3,0,0,True,True,always_accepts,0,[]
test,polygon,polygon_05,7,0,0.8236855512947431,0.8343341948650569,0.01064864357031381,3,3,0,0,True,True,always_accepts,0,[]
calib,rect,rect_01,7,0,0.7565184673237354,0.778214554947123,0.021696087623387594,3,3,0,0,True,True,always_rejects,0,[]
calib,rect,rect_02,7,0,0.76816652476974,0.7889317843218585,0.020765259552118498,4,2,0,0,True,True,one_observed_transition,1,"[{""direction_with_increasing_offset"": ""reject_to_accept"", ""from_margin_mm"": 0.1, ""from_margin_relation"": ""="", ""from_offset_mm"": 0.1, ""to_margin_mm"": 0.2999, ""to_margin_relation"": ""="", ""to_offset_mm"": 0.3}]"
calib,rect,rect_03,7,0,0.7608179215235811,0.781490603409094,0.020672681885512967,4,2,0,0,True,True,always_rejects,0,[]
calib,rect,rect_04,7,0,0.7643636336821923,0.7901481154783527,0.02578448179616044,4,2,0,0,True,True,one_observed_transition,1,"[{""direction_with_increasing_offset"": ""reject_to_accept"", ""from_margin_mm"": 0.1, ""from_margin_relation"": ""="", ""from_offset_mm"": 0.1, ""to_margin_mm"": 0.2999, ""to_margin_relation"": ""="", ""to_offset_mm"": 0.3}]"
calib,rect,rect_05,7,0,0.7379832052795008,0.7581933433573929,0.02021013807789207,5,1,0,0,True,True,always_rejects,0,[]
calib,square,square_01,7,0,0.7745217701236852,0.7840466485029044,0.009524878379219226,3,3,0,0,True,True,always_rejects,0,[]
calib,square,square_02,7,0,0.7817388086303181,0.7990027298000534,0.017263921169735297,3,3,0,0,True,True,multiple_observed_transitions,3,"[{""direction_with_increasing_offset"": ""reject_to_accept"", ""from_margin_mm"": -0.4248, ""from_margin_relation"": ""="", ""from_offset_mm"": -0.3, ""to_margin_mm"": -0.1416, ""to_margin_relation"": ""="", ""to_offset_mm"": -0.1}, {""direction_with_increasing_offset"": ""accept_to_reject"", ""from_margin_mm"": 0.0, ""from_margin_relation"": ""="", ""from_offset_mm"": 0.0, ""to_margin_mm"": 0.1, ""to_margin_relation"": ""="", ""to_offset_mm"": 0.1}, {""direction_with_increasing_offset"": ""reject_to_accept"", ""from_margin_mm"": 0.1, ""from_margin_relation"": ""="", ""from_offset_mm"": 0.1, ""to_margin_mm"": 0.2999, ""to_margin_relation"": ""="", ""to_offset_mm"": 0.3}]"
calib,square,square_03,7,0,0.777976719170218,0.7918472397073031,0.01387052053708504,3,3,0,0,True,True,one_observed_transition,1,"[{""direction_with_increasing_offset"": ""reject_to_accept"", ""from_margin_mm"": 0.1, ""from_margin_relation"": ""="", ""from_offset_mm"": 0.1, ""to_margin_mm"": 0.2999, ""to_margin_relation"": ""="", ""to_offset_mm"": 0.3}]"
calib,square,square_04,7,0,0.7627935083633262,0.7887614512417298,0.02596794287840365,4,2,0,0,True,True,one_observed_transition,1,"[{""direction_with_increasing_offset"": ""reject_to_accept"", ""from_margin_mm"": 0.1, ""from_margin_relation"": ""="", ""from_offset_mm"": 0.1, ""to_margin_mm"": 0.2999, ""to_margin_relation"": ""="", ""to_offset_mm"": 0.3}]"
test,star,star_01,7,1,0.7966470850197087,0.8127125766359391,0.016065491616230387,4,1,0,1,True,True,always_accepts,0,[]
test,star,star_02,7,1,0.8166894707102464,0.8351700550392835,0.018480584329037097,3,2,0,1,True,True,always_accepts,0,[]
test,star,star_03,7,1,0.80809855420893,0.8273496219788136,0.019251067769883612,3,2,0,1,True,True,always_accepts,0,[]
test,star,star_04,7,0,0.8025134525850841,0.8171105546587594,0.014597102073675261,3,3,0,0,True,True,always_accepts,0,[]
calib,tee,tee_01,7,0,0.7811438821471439,0.800167183897571,0.019023301750427102,2,4,0,0,True,True,multiple_observed_transitions,4,"[{""direction_with_increasing_offset"": ""accept_to_reject"", ""from_margin_mm"": -0.46, ""from_margin_relation"": ""="", ""from_offset_mm"": -0.3, ""to_margin_mm"": -0.1533, ""to_margin_relation"": ""="", ""to_offset_mm"": -0.1}, {""direction_with_increasing_offset"": ""reject_to_accept"", ""from_margin_mm"": -0.1533, ""from_margin_relation"": ""="", ""from_offset_mm"": -0.1, ""to_margin_mm"": -0.001, ""to_margin_relation"": ""="", ""to_offset_mm"": 0.0}, {""direction_with_increasing_offset"": ""accept_to_reject"", ""from_margin_mm"": -0.001, ""from_margin_relation"": ""="", ""from_offset_mm"": 0.0, ""to_margin_mm"": 0.0846, ""to_margin_relation"": ""="", ""to_offset_mm"": 0.1}, {""direction_with_increasing_offset"": ""reject_to_accept"", ""from_margin_mm"": 0.0846, ""from_margin_relation"": ""="", ""from_offset_mm"": 0.1, ""to_margin_mm"": 0.2551, ""to_margin_relation"": ""="", ""to_offset_mm"": 0.3}]"
calib,tee,tee_02,7,0,0.7833382816869356,0.7944744446842819,0.01113616299734621,2,4,0,0,True,True,multiple_observed_transitions,2,"[{""direction_with_increasing_offset"": ""reject_to_accept"", ""from_margin_mm"": -1.8945, ""from_margin_relation"": ""="", ""from_offset_mm"": -1.2, ""to_margin_mm"": -0.9375, ""to_margin_relation"": ""="", ""to_offset_mm"": -0.6}, {""direction_with_increasing_offset"": ""accept_to_reject"", ""from_margin_mm"": 0.0, ""from_margin_relation"": ""="", ""from_offset_mm"": 0.0, ""to_margin_mm"": 0.0815, ""to_margin_relation"": ""="", ""to_offset_mm"": 0.1}]"
calib,tee,tee_03,7,0,0.7805690839929379,0.7899252550857594,0.009356171092821497,3,3,0,0,True,True,one_observed_transition,1,"[{""direction_with_increasing_offset"": ""reject_to_accept"", ""from_margin_mm"": 0.0846, ""from_margin_relation"": ""="", ""from_offset_mm"": 0.1, ""to_margin_mm"": 0.2548, ""to_margin_relation"": ""="", ""to_offset_mm"": 0.3}]"
calib,trapezoid,trapezoid_01,7,1,0.8052735630858463,0.8170459578959104,0.01177239481006409,5,0,0,1,False,False,always_accepts,0,[]
calib,trapezoid,trapezoid_02,7,0,0.8039924774739018,0.813936405567562,0.009943928093660181,5,1,0,0,True,True,always_accepts,0,[]
calib,trapezoid,trapezoid_03,7,0,0.7861866524575359,0.8001351868252828,0.013948534367746901,2,4,0,0,True,True,multiple_observed_transitions,2,"[{""direction_with_increasing_offset"": ""accept_to_reject"", ""from_margin_mm"": -0.4756, ""from_margin_relation"": ""="", ""from_offset_mm"": -0.3, ""to_margin_mm"": -0.1592, ""to_margin_relation"": ""="", ""to_offset_mm"": -0.1}, {""direction_with_increasing_offset"": ""reject_to_accept"", ""from_margin_mm"": -0.1592, ""from_margin_relation"": ""="", ""from_offset_mm"": -0.1, ""to_margin_mm"": 0.0, ""to_margin_relation"": ""="", ""to_offset_mm"": 0.0}]"
