part_id,family,role,view,path,sha256,image_px,mm_per_px,tilt_deg,settings_sha
circle_01,circle,peg,v1,data/renders/procedural/circle_01_peg_v1.png,078cd854df3f4ecbf77caebebb802b487b4eb1f7d7e3c7da61ff0bcf686e75d7,768,0.067708,0.0,7de39322d57d
circle_01,circle,peg,v2,data/renders/procedural/circle_01_peg_v2.png,66d84abf80e05fdf61bbd12588397b69b7a15d1e468fb36b84bdee6038386b6d,768,0.067708,30.0,7de39322d57d
circle_01,circle,socket,v1,data/renders/procedural/circle_01_socket_v1.png,089266493b354e816dc10ce2f867c73a3a175f2146a6cbb4aa962e862b56fa1a,768,0.067708,0.0,7de39322d57d
circle_01,circle,socket,v2,data/renders/procedural/circle_01_socket_v2.png,d162e3fb9454ae088348a78bcab8079936449cc561bcc68fced0e8ae82a8bbb6,768,0.067708,30.0,7de39322d57d
circle_02,circle,peg,v1,data/renders/procedural/circle_02_peg_v1.png,e26d8da398858faa9010ef01917c41ed0665ecb25e141862b0c1ca19b44b9532,768,0.067708,0.0,7de39322d57d
circle_02,circle,peg,v2,data/renders/procedural/circle_02_peg_v2.png,d8357491bcf6aeaf331aadf4499fbd456de9a4fe4f98d0980de97f0f0773f72b,768,0.067708,30.0,7de39322d57d
circle_02,circle,socket,v1,data/renders/procedural/circle_02_socket_v1.png,278ec38ece20b6beb72170d629700aad38c15036f76a96bff8a07a731fb48b6a,768,0.067708,0.0,7de39322d57d
circle_02,circle,socket,v2,data/renders/procedural/circle_02_socket_v2.png,2cffecc8a9252fee7f49b0bea653ca247cd19ecb7c4882692e222d12aaf35126,768,0.067708,30.0,7de39322d57d
circle_03,circle,peg,v1,data/renders/procedural/circle_03_peg_v1.png,ba1b8cb0392b5326631ea1ae1a60e10f4e5ee7c022ff6faa704388e08867188c,768,0.067708,0.0,7de39322d57d
circle_03,circle,peg,v2,data/renders/procedural/circle_03_peg_v2.png,4b121f5bba10124acf7a901252c25858e6b0b0c43ce0602ad4e6806266bf6f5e,768,0.067708,30.0,7de39322d57d
circle_03,circle,socket,v1,data/renders/procedural/circle_03_socket_v1.png,44b33b693953a6fc70c0149d3887fd35a81a223626b65195f2993efc3d7ef3ef,768,0.067708,0.0,7de39322d57d
circle_03,circle,socket,v2,data/renders/procedural/circle_03_socket_v2.png,88fdac83cb8ce94a3c5a172032fd317adfc6c0b45f4f9860f6337aba9b11258a,768,0.067708,30.0,7de39322d57d
circle_04,circle,peg,v1,data/renders/procedural/circle_04_peg_v1.png,f402d4ec4df3211239dca20d527f416ff758e6b88416fd26b871d787b72c122f,768,0.067708,0.0,7de39322d57d
circle_04,circle,peg,v2,data/renders/procedural/circle_04_peg_v2.png,4e22ec75f3039a2eba2ca6d3fd1fed13f512731ba55537e3e4c73c489f835574,768,0.067708,30.0,7de39322d57d
circle_04,circle,socket,v1,data/renders/procedural/circle_04_socket_v1.png,5ee9e1cd0923e5bcd2f4e2fab821498c5e0b168a19528883ff717129f3613d24,768,0.067708,0.0,7de39322d57d
circle_04,circle,socket,v2,data/renders/procedural/circle_04_socket_v2.png,e9b77fab7dc28419e100ccd794876bc4df4dee942650448dbd941427cf771cfc,768,0.067708,30.0,7de39322d57d
circle_05,circle,peg,v1,data/renders/procedural/circle_05_peg_v1.png,4ec5a9e7814144bac6f04f61626948857e4b6000d40d9d0c8a4b9bc2bbcee182,768,0.067708,0.0,7de39322d57d
circle_05,circle,peg,v2,data/renders/procedural/circle_05_peg_v2.png,644378dbddbc0b55af9652a7931ce43e7a453f90d6d669bb0b9bc7dd8d51eb0a,768,0.067708,30.0,7de39322d57d
circle_05,circle,socket,v1,data/renders/procedural/circle_05_socket_v1.png,a0235e6f5863f5e93c37e12ee15ca49987b2fdbcf623385a52a625d3389274f8,768,0.067708,0.0,7de39322d57d
circle_05,circle,socket,v2,data/renders/procedural/circle_05_socket_v2.png,44eda64fd51349eea30c28f990d9225bef22b5ad897225179f01d337bb1b49fd,768,0.067708,30.0,7de39322d57d
square_01,square,peg,v1,data/renders/procedural/square_01_peg_v1.png,3d801301736f4077a29635fab0423d5a7cad6b802f21c940db84e1aa3f34c974,768,0.067708,0.0,7de39322d57d
square_01,square,peg,v2,data/renders/procedural/square_01_peg_v2.png,d505070299cde0e29e72f9ccd2fe64a621b86a54924e54069c7fe3028ec1ba69,768,0.067708,30.0,7de39322d57d
square_01,square,socket,v1,data/renders/procedural/square_01_socket_v1.png,da3811539acd30628115b62e6337307b776757be6345f3eb308e3af58c9e565b,768,0.067708,0.0,7de39322d57d
square_01,square,socket,v2,data/renders/procedural/square_01_socket_v2.png,ca584176c99f0265cc31e6bfa9e5a751a70fbe919c239275972812d85861a37f,768,0.067708,30.0,7de39322d57d
square_02,square,peg,v1,data/renders/procedural/square_02_peg_v1.png,b879ff492748bd01ffc0933e8bcc04ef42a6fb22c1585db713de2a24e3a3160c,768,0.067708,0.0,7de39322d57d
square_02,square,peg,v2,data/renders/procedural/square_02_peg_v2.png,1d6488a9e8f348a2e4510c36576918e8556f7f2d601238032b76c145b963c808,768,0.067708,30.0,7de39322d57d
square_02,square,socket,v1,data/renders/procedural/square_02_socket_v1.png,68dac42c091f15a655844c5347cd2d2dca6f0ad28e219b0e5b655646babc9918,768,0.067708,0.0,7de39322d57d
square_02,square,socket,v2,data/renders/procedural/square_02_socket_v2.png,19508673b7839823af5a7bd45d8af9e4fd743143339e2835f49e11ef1a0beaf5,768,0.067708,30.0,7de39322d57d
square_03,square,peg,v1,data/renders/procedural/square_03_peg_v1.png,427304aa2e8866517ba537bfeefd8f742f9c0734437048c7a760eeceabfc1836,768,0.067708,0.0,7de39322d57d
square_03,square,peg,v2,data/renders/procedural/square_03_peg_v2.png,1b1a9a2cbc5a10b80637bc4067aaad3ae752542fbd836014b84e313dad353d69,768,0.067708,30.0,7de39322d57d
square_03,square,socket,v1,data/renders/procedural/square_03_socket_v1.png,b9e9400f444f0df9374c5e8db5b465e02fbfffab3143c25fd26bfca2713b3fce,768,0.067708,0.0,7de39322d57d
square_03,square,socket,v2,data/renders/procedural/square_03_socket_v2.png,54a50854f26f4e3deb7bf6091332bcd9d83cade65e69c5bf0e13c4481da3e057,768,0.067708,30.0,7de39322d57d
square_04,square,peg,v1,data/renders/procedural/square_04_peg_v1.png,f02034269a815ccfa6ad5597d9376b511ca02d27eb6679e8db8c53318c2475a7,768,0.067708,0.0,7de39322d57d
square_04,square,peg,v2,data/renders/procedural/square_04_peg_v2.png,5cced5c889ac075d987ad188995a3cb03a5bff9876dc4c5196cb2acac2c5d063,768,0.067708,30.0,7de39322d57d
square_04,square,socket,v1,data/renders/procedural/square_04_socket_v1.png,16201e0e7056f422a26a1c4fa33b991c3979f2db3342d8cb16e8252980b74d93,768,0.067708,0.0,7de39322d57d
square_04,square,socket,v2,data/renders/procedural/square_04_socket_v2.png,b631e68029df268d27bd2c32b2fd9b8b423e9bea70fd739489620e7d0905f974,768,0.067708,30.0,7de39322d57d
rect_01,rect,peg,v1,data/renders/procedural/rect_01_peg_v1.png,f07307d2ed3dc076e0a5d6dc130da490b78024fc43948b37ea86007d64cd9c63,768,0.067708,0.0,7de39322d57d
rect_01,rect,peg,v2,data/renders/procedural/rect_01_peg_v2.png,2c10d28274fbdc097c113f3ec16170eb9ee313b121e386f070e559c131b429c7,768,0.067708,30.0,7de39322d57d
rect_01,rect,socket,v1,data/renders/procedural/rect_01_socket_v1.png,c3e4ca6462673f2969b7a5c5604447e17d002fa67021a7a0079e1dc1fe10d0ba,768,0.067708,0.0,7de39322d57d
rect_01,rect,socket,v2,data/renders/procedural/rect_01_socket_v2.png,c437af32d3a9260762a2b0d4ecb932d6838e35ded27ce563e7c0f6303a088c53,768,0.067708,30.0,7de39322d57d
rect_02,rect,peg,v1,data/renders/procedural/rect_02_peg_v1.png,c49b94ea585edfcc0fa655a6497a52ca0adafa98474cfb1490e21e790e5f25b2,768,0.067708,0.0,7de39322d57d
rect_02,rect,peg,v2,data/renders/procedural/rect_02_peg_v2.png,910d8e15322d96292cd7cb629cc7dfc54d74774633d3da1947fb80d9090ce774,768,0.067708,30.0,7de39322d57d
rect_02,rect,socket,v1,data/renders/procedural/rect_02_socket_v1.png,9207544dd1822f83025a9278f0d38bc290c5d1c534abdd838392fdbde15ea5cc,768,0.067708,0.0,7de39322d57d
rect_02,rect,socket,v2,data/renders/procedural/rect_02_socket_v2.png,1e589170ddc5294a44c9b3b6063891b2de7ea2266ce6e9e5e36fb15495121b06,768,0.067708,30.0,7de39322d57d
rect_03,rect,peg,v1,data/renders/procedural/rect_03_peg_v1.png,d069c092bc162e78cc79239b84176fd170da9444ccb1ebdee9f2c8d48b2988a6,768,0.067708,0.0,7de39322d57d
rect_03,rect,peg,v2,data/renders/procedural/rect_03_peg_v2.png,92d8abeb71257ce58011e148d3ed942b75e8a4f764b7dca2fef5cf2bfc3eb5f2,768,0.067708,30.0,7de39322d57d
rect_03,rect,socket,v1,data/renders/procedural/rect_03_socket_v1.png,d4d2989158bbe858374837bfccc87c19c1b0987e94b1cd066f604cf3d9d285f3,768,0.067708,0.0,7de39322d57d
rect_03,rect,socket,v2,data/renders/procedural/rect_03_socket_v2.png,3cdb421cbb4c5c553891598e521660185b3ecd63145192f237f8955e536ffa0c,768,0.067708,30.0,7de39322d57d
rect_04,rect,peg,v1,data/renders/procedural/rect_04_peg_v1.png,666b76597744984a2507af779e50248df07d1e4e963f6fd1a6ad746f46c467e3,768,0.067708,0.0,7de39322d57d
rect_04,rect,peg,v2,data/renders/procedural/rect_04_peg_v2.png,86ee92309d5438303b2ff40448781ab6f616160e6ba202d8f5d2f3f785c37ccc,768,0.067708,30.0,7de39322d57d
rect_04,rect,socket,v1,data/renders/procedural/rect_04_socket_v1.png,84baa7e7ff6b6e9a60d4eb00f11e9b5c388be65a22e069ffffdaf1f784119954,768,0.067708,0.0,7de39322d57d
rect_04,rect,socket,v2,data/renders/procedural/rect_04_socket_v2.png,8b21121a93ff48878a880414dbecfeb1135550271f7538463384eea14a58d669,768,0.067708,30.0,7de39322d57d
rect_05,rect,peg,v1,data/renders/procedural/rect_05_peg_v1.png,c933a376f864ae3248d7fa2c95f10463760c59b03b69f2f23722f14199d7cbf1,768,0.067708,0.0,7de39322d57d
rect_05,rect,peg,v2,data/renders/procedural/rect_05_peg_v2.png,69d819993375e305a7562d28db87516a668b1cbc5d29b2972ceaf8e8a945385f,768,0.067708,30.0,7de39322d57d
rect_05,rect,socket,v1,data/renders/procedural/rect_05_socket_v1.png,03a93fb327a8826c3b29a978255332fbe4a93dbbec73dea63ddc0e3bc7dc5792,768,0.067708,0.0,7de39322d57d
rect_05,rect,socket,v2,data/renders/procedural/rect_05_socket_v2.png,a005275428252e8404fe81d66199db35f3bba67ca18c0cd45aaff26f2da51264,768,0.067708,30.0,7de39322d57d
obround_01,obround,peg,v1,data/renders/procedural/obround_01_peg_v1.png,493c588bbd975ce3c752cf3ae8e4ff523dd7d86f61af95977fd423fc370a41de,768,0.067708,0.0,7de39322d57d
obround_01,obround,peg,v2,data/renders/procedural/obround_01_peg_v2.png,63002c02cb4efeaad1557663fff9cf07104b665e33cc6d44291c3a8f5656076b,768,0.067708,30.0,7de39322d57d
obround_01,obround,socket,v1,data/renders/procedural/obround_01_socket_v1.png,00257ebfc500ed5d7510af60cdd954fe93f7144200d86abfeca0225f72c2c067,768,0.067708,0.0,7de39322d57d
obround_01,obround,socket,v2,data/renders/procedural/obround_01_socket_v2.png,deea805fa000a0a8fc5138893cb70a4c1004927e057f53687a09e90ac6eef721,768,0.067708,30.0,7de39322d57d
obround_02,obround,peg,v1,data/renders/procedural/obround_02_peg_v1.png,ccd5ccdcd9a7a0adedffc22bb880880a279c52f59b712ace316983e7cea4aa7f,768,0.067708,0.0,7de39322d57d
obround_02,obround,peg,v2,data/renders/procedural/obround_02_peg_v2.png,285537fe89cb257890aaaa0f0eebb781196f858b0b5e76da7d1634e83d6eedf8,768,0.067708,30.0,7de39322d57d
obround_02,obround,socket,v1,data/renders/procedural/obround_02_socket_v1.png,4997bf93076335245c9e826ac923323b273d266f571cb075b0502953127aaa65,768,0.067708,0.0,7de39322d57d
obround_02,obround,socket,v2,data/renders/procedural/obround_02_socket_v2.png,dc4d3976ea85e1b60d2cf5945975a8736f54ece0fc5982746bf08e673003ff53,768,0.067708,30.0,7de39322d57d
obround_03,obround,peg,v1,data/renders/procedural/obround_03_peg_v1.png,0846524dae8f970badaabd99dba3c5d9306fb6d1a64f126ef45922169962ef62,768,0.067708,0.0,7de39322d57d
obround_03,obround,peg,v2,data/renders/procedural/obround_03_peg_v2.png,e40f99cf8b09226df0a43dfc5c80b33ce3385785bd73f41daea99628a51c4634,768,0.067708,30.0,7de39322d57d
obround_03,obround,socket,v1,data/renders/procedural/obround_03_socket_v1.png,037aee496ad453bb23db837cb686a7f1ed521bffaa4a862c45634590024b3dcf,768,0.067708,0.0,7de39322d57d
obround_03,obround,socket,v2,data/renders/procedural/obround_03_socket_v2.png,eb38151b8e9fb30edaf4887eef841b51a3f6f705bec6d5a4270d0ef48cd7e467,768,0.067708,30.0,7de39322d57d
obround_04,obround,peg,v1,data/renders/procedural/obround_04_peg_v1.png,183c6c4de97ffc5d9e786fe2b23e705873e38de2a5def965d9d5fbe91272140e,768,0.067708,0.0,7de39322d57d
obround_04,obround,peg,v2,data/renders/procedural/obround_04_peg_v2.png,df7672549895ec81cef38cdc094271a76da913314f7073a31ca87bee244dedb3,768,0.067708,30.0,7de39322d57d
obround_04,obround,socket,v1,data/renders/procedural/obround_04_socket_v1.png,f9ab969bb5e4ddc3f50e928d04133c6036b89e9d9f88c8bee0dd13a4af07dee7,768,0.067708,0.0,7de39322d57d
obround_04,obround,socket,v2,data/renders/procedural/obround_04_socket_v2.png,47e0eab52c4d2641c920ab37179f22bfe39f787799bbf59a3bdf5eaa4988e941,768,0.067708,30.0,7de39322d57d
ellipse_01,ellipse,peg,v1,data/renders/procedural/ellipse_01_peg_v1.png,1989dffb3655147d84d4dfa5deb6e3cb8f188bb2034d207853e3a4e661302374,768,0.067708,0.0,7de39322d57d
ellipse_01,ellipse,peg,v2,data/renders/procedural/ellipse_01_peg_v2.png,f594d62a733515bbaa612ddf45addf3d06f3d3775dc561a36ba39e236b3983bb,768,0.067708,30.0,7de39322d57d
ellipse_01,ellipse,socket,v1,data/renders/procedural/ellipse_01_socket_v1.png,8645a6e9dc3902d279b0666818dcef27ec927957003f5ac82eb8e4c75b089c71,768,0.067708,0.0,7de39322d57d
ellipse_01,ellipse,socket,v2,data/renders/procedural/ellipse_01_socket_v2.png,84a9be3c64cdc6c5e5f052437ee280f0d6312b5fd267131a845b9f9f2155876f,768,0.067708,30.0,7de39322d57d
ellipse_02,ellipse,peg,v1,data/renders/procedural/ellipse_02_peg_v1.png,63a6eb868b8fc603100d46bbc843c5ec14a4e687d264b4939b058d60d24e6db8,768,0.067708,0.0,7de39322d57d
ellipse_02,ellipse,peg,v2,data/renders/procedural/ellipse_02_peg_v2.png,b0cdea1751761d9067c965cdf08bc38a3a01544686e9d3f18bc38852bde2b9a8,768,0.067708,30.0,7de39322d57d
ellipse_02,ellipse,socket,v1,data/renders/procedural/ellipse_02_socket_v1.png,fd5e99dcc6fe69e6c62114bf3ac08b656837c51a3b3a23d0cd5900e33f253ea5,768,0.067708,0.0,7de39322d57d
ellipse_02,ellipse,socket,v2,data/renders/procedural/ellipse_02_socket_v2.png,c8773c6c2a6b5898bf93ba639cbd44b62460ebd3675f16563d5ace4d7d8b5adc,768,0.067708,30.0,7de39322d57d
ellipse_03,ellipse,peg,v1,data/renders/procedural/ellipse_03_peg_v1.png,ca90a1f6ed9279ff9f57195a0adb0eb634f907a5367f172bebf39039adb7954a,768,0.067708,0.0,7de39322d57d
ellipse_03,ellipse,peg,v2,data/renders/procedural/ellipse_03_peg_v2.png,2bd85c1a3eead814d2027b4f7519dc8b3f6f0cd7c57e0d635d3d56b11472a349,768,0.067708,30.0,7de39322d57d
ellipse_03,ellipse,socket,v1,data/renders/procedural/ellipse_03_socket_v1.png,3746a75adbc1613e85053f7c16b57748042104067ae816715922d61e7d2816ef,768,0.067708,0.0,7de39322d57d
ellipse_03,ellipse,socket,v2,data/renders/procedural/ellipse_03_socket_v2.png,8cc625fd1a93b40576a4fc24f3435f1ad738590ffa80b891443c70278c0011a6,768,0.067708,30.0,7de39322d57d
polygon_01,polygon,peg,v1,data/renders/procedural/polygon_01_peg_v1.png,735c635b8e74fa67470a59ce36435a7fe46fc02b04569bfff2ee50de06c1798e,768,0.067708,0.0,7de39322d57d
polygon_01,polygon,peg,v2,data/renders/procedural/polygon_01_peg_v2.png,65b7d975f39c65ba40e89e7f0a2eb67ad709f82e8118a6db83ef26f8b4d75d59,768,0.067708,30.0,7de39322d57d
polygon_01,polygon,socket,v1,data/renders/procedural/polygon_01_socket_v1.png,4f06359e6dac4b965d4dfe1a27c987c46151fafe341ac09434e68403bacc7e65,768,0.067708,0.0,7de39322d57d
polygon_01,polygon,socket,v2,data/renders/procedural/polygon_01_socket_v2.png,caabdefad690c976920d1b5c5d147f724cc0e0a087a3c3d98880f2652cdc120d,768,0.067708,30.0,7de39322d57d
polygon_02,polygon,peg,v1,data/renders/procedural/polygon_02_peg_v1.png,ac1de7f315997f96665d3d85cd14dd604cc67eaadd65739da4ca0cd44d258523,768,0.067708,0.0,7de39322d57d
polygon_02,polygon,peg,v2,data/renders/procedural/polygon_02_peg_v2.png,457055897210279e90ee69ba84d1271b0f206403de2699534fc3f93c04a83d62,768,0.067708,30.0,7de39322d57d
polygon_02,polygon,socket,v1,data/renders/procedural/polygon_02_socket_v1.png,c5a6f5dbc754d41bef9c41b47b05f249cdbbbf656312d21c8dc95aa7f85d17b4,768,0.067708,0.0,7de39322d57d
polygon_02,polygon,socket,v2,data/renders/procedural/polygon_02_socket_v2.png,123466467b46b08a833d6701722b0e42916295ea1d3bf73343e4118d2294aef5,768,0.067708,30.0,7de39322d57d
polygon_03,polygon,peg,v1,data/renders/procedural/polygon_03_peg_v1.png,ff316f352e71d7bd301f38a69ea60891d493336729c7baca207b2908f0726422,768,0.067708,0.0,7de39322d57d
polygon_03,polygon,peg,v2,data/renders/procedural/polygon_03_peg_v2.png,a15b112939fd6251e8448cc6206b150db3d20a4285201a35be8d7a7bc2c93b35,768,0.067708,30.0,7de39322d57d
polygon_03,polygon,socket,v1,data/renders/procedural/polygon_03_socket_v1.png,5201084f630e3d2dc42568df0506338a42c2029fa20422de338e3fe28ed8f68b,768,0.067708,0.0,7de39322d57d
polygon_03,polygon,socket,v2,data/renders/procedural/polygon_03_socket_v2.png,d0deb1131a6581890cc86edea7b571b483cb7890e61ce3635273a3907d028708,768,0.067708,30.0,7de39322d57d
polygon_04,polygon,peg,v1,data/renders/procedural/polygon_04_peg_v1.png,3274bd32051420987d4b019513b627b39ece9165fb774e8b858e028f3f84d141,768,0.067708,0.0,7de39322d57d
polygon_04,polygon,peg,v2,data/renders/procedural/polygon_04_peg_v2.png,5e43f14c07d804db45a288c856e92fa3718ae7e4d729d6bfdcada12b7bb2c553,768,0.067708,30.0,7de39322d57d
polygon_04,polygon,socket,v1,data/renders/procedural/polygon_04_socket_v1.png,fbe2b513b2734e8dabcdc8a25eedb39d1f2ee27d67b9e6b444e6b4df1db26b00,768,0.067708,0.0,7de39322d57d
polygon_04,polygon,socket,v2,data/renders/procedural/polygon_04_socket_v2.png,338fec23cc7d40061c4520c459cf5989225dd6607fdea674065c9fb327d49fa2,768,0.067708,30.0,7de39322d57d
polygon_05,polygon,peg,v1,data/renders/procedural/polygon_05_peg_v1.png,442a7f208d64d541de9f218aaa8810f290669de86806979e4f526c41d9ad60bc,768,0.067708,0.0,7de39322d57d
polygon_05,polygon,peg,v2,data/renders/procedural/polygon_05_peg_v2.png,705865f938e5468327ba7b0bf31493b93893e04e8675c132f8aa952c1c2e0ea7,768,0.067708,30.0,7de39322d57d
polygon_05,polygon,socket,v1,data/renders/procedural/polygon_05_socket_v1.png,1cb2f820a0cc7832276e2b212b5fd606380737d76ddd76d668936c98af49bdd5,768,0.067708,0.0,7de39322d57d
polygon_05,polygon,socket,v2,data/renders/procedural/polygon_05_socket_v2.png,ec3fc4f77c4b8b940eb882b04f781b179aae3ee32d294ac08434c7e960b3f924,768,0.067708,30.0,7de39322d57d
dshape_01,dshape,peg,v1,data/renders/procedural/dshape_01_peg_v1.png,646214df0d15b3f66352e23210756ef81ba9630df3f3555c50dbe6d0ae859ca0,768,0.067708,0.0,7de39322d57d
dshape_01,dshape,peg,v2,data/renders/procedural/dshape_01_peg_v2.png,e807a23595362a6b884f28c14824ab5c2b76e2244fb8ab91aaecef1fbb1b6d61,768,0.067708,30.0,7de39322d57d
dshape_01,dshape,socket,v1,data/renders/procedural/dshape_01_socket_v1.png,716f195d447856ff7f002d7c8544b50a9aa5ce48d045be8fbb945884c92c7da7,768,0.067708,0.0,7de39322d57d
dshape_01,dshape,socket,v2,data/renders/procedural/dshape_01_socket_v2.png,d9d286ffc90a94b1f5bba88cc351fa91933eb5f46bd74a2ce754aeea914442cc,768,0.067708,30.0,7de39322d57d
dshape_02,dshape,peg,v1,data/renders/procedural/dshape_02_peg_v1.png,bee70713d06e55dbcf0ddb0642bd9ebaca988d380d333415255de6927c1fe41c,768,0.067708,0.0,7de39322d57d
dshape_02,dshape,peg,v2,data/renders/procedural/dshape_02_peg_v2.png,2d0f9e92a3929d9e58867859481fba89b42f724e363d783df6429e27dda357ce,768,0.067708,30.0,7de39322d57d
dshape_02,dshape,socket,v1,data/renders/procedural/dshape_02_socket_v1.png,a94c24fc246a6bed19048df2b85494b94e2c4e783e6ac60d6ea784ae305d6115,768,0.067708,0.0,7de39322d57d
dshape_02,dshape,socket,v2,data/renders/procedural/dshape_02_socket_v2.png,b5d21ad745e73665f591ecde1773b27f230e816f1b43a11107fa4c059c1b20f2,768,0.067708,30.0,7de39322d57d
dshape_03,dshape,peg,v1,data/renders/procedural/dshape_03_peg_v1.png,df8bf1516006915ca996a9a13a2c2504daa45cb1a8335f79fa6c52165f996043,768,0.067708,0.0,7de39322d57d
dshape_03,dshape,peg,v2,data/renders/procedural/dshape_03_peg_v2.png,7f2eb055df560572a5b10d21486e17b279c2063d3a182ea93edbc5ab327462ee,768,0.067708,30.0,7de39322d57d
dshape_03,dshape,socket,v1,data/renders/procedural/dshape_03_socket_v1.png,f1c530dcb908923dc4051dbf89a269f4b65df4bc8f003f7141e0e0d4711258e4,768,0.067708,0.0,7de39322d57d
dshape_03,dshape,socket,v2,data/renders/procedural/dshape_03_socket_v2.png,8d03a44fb6ba2fd3581214ed00619cc4d7c469ba71102907fd2c29067bdc8268,768,0.067708,30.0,7de39322d57d
dshape_04,dshape,peg,v1,data/renders/procedural/dshape_04_peg_v1.png,de805fef7e166fc37badeff29c52c0fae76571862f7a1a8bbe3813e0cb749ae9,768,0.067708,0.0,7de39322d57d
dshape_04,dshape,peg,v2,data/renders/procedural/dshape_04_peg_v2.png,a3a38a9af96ba3cdd461eab0e08897e31dd4ee7f047d09832d8a8f62359cecae,768,0.067708,30.0,7de39322d57d
dshape_04,dshape,socket,v1,data/renders/procedural/dshape_04_socket_v1.png,6024980f4256edf53f881a6e5b58422c3347dcebe8d50c91308e82c524905403,768,0.067708,0.0,7de39322d57d
dshape_04,dshape,socket,v2,data/renders/procedural/dshape_04_socket_v2.png,b3432461f46f48df61f886b8d4b31d3849690d81086bad27505f82a811cbd63c,768,0.067708,30.0,7de39322d57d
double_d_01,double_d,peg,v1,data/renders/procedural/double_d_01_peg_v1.png,c685a93be6d05b693dc407379d57b76e7ceef02aa3545524283a462995e8c666,768,0.067708,0.0,7de39322d57d
double_d_01,double_d,peg,v2,data/renders/procedural/double_d_01_peg_v2.png,0498808411a7114e6814dcb47c3b207ea3b7aa3c236fee6b354b39a81bec4b66,768,0.067708,30.0,7de39322d57d
double_d_01,double_d,socket,v1,data/renders/procedural/double_d_01_socket_v1.png,88e5b3c25ce4a29215c2da875c84a7d1af05eddbea1c7051d8d984842ad85b86,768,0.067708,0.0,7de39322d57d
double_d_01,double_d,socket,v2,data/renders/procedural/double_d_01_socket_v2.png,57a90baae04a973fc921eb34efeac80778157af61964b14b7fa0e746a43f0fc8,768,0.067708,30.0,7de39322d57d
double_d_02,double_d,peg,v1,data/renders/procedural/double_d_02_peg_v1.png,0715d638f6d2756812dfb18c88fbfa8cd82c8efaa1f88de70fe6a2912e4b1766,768,0.067708,0.0,7de39322d57d
double_d_02,double_d,peg,v2,data/renders/procedural/double_d_02_peg_v2.png,78e4670648f76179fe6ddc52be33bbb57b649e48d5d43926900af386d595a071,768,0.067708,30.0,7de39322d57d
double_d_02,double_d,socket,v1,data/renders/procedural/double_d_02_socket_v1.png,ac09e5474dd348a462fb319562827788a5789eebc66bf4f6ec531986cc4dbebc,768,0.067708,0.0,7de39322d57d
double_d_02,double_d,socket,v2,data/renders/procedural/double_d_02_socket_v2.png,310827f9184dcf7d74b8251cc368d94ad0a5c21b6634194c696588ab62d4fb28,768,0.067708,30.0,7de39322d57d
double_d_03,double_d,peg,v1,data/renders/procedural/double_d_03_peg_v1.png,abeee199d0d42a55489fcbf2e83dfdee89e8ea8cd37465b7b7d1298cf97e1eb1,768,0.067708,0.0,7de39322d57d
double_d_03,double_d,peg,v2,data/renders/procedural/double_d_03_peg_v2.png,5bf0f098d0347b663575caafcafe3616dc8e5a0dde807e26c0709a3ac8f456b6,768,0.067708,30.0,7de39322d57d
double_d_03,double_d,socket,v1,data/renders/procedural/double_d_03_socket_v1.png,d46a166aaff0f61b3b12550801edb2e5cb1a5368c3322d3b92523bf46cbdf62b,768,0.067708,0.0,7de39322d57d
double_d_03,double_d,socket,v2,data/renders/procedural/double_d_03_socket_v2.png,c5f3ee3abfaac54f3f55d392af1ec69bc51ff2c0b795057b289cdd512024aeec,768,0.067708,30.0,7de39322d57d
cross_01,cross,peg,v1,data/renders/procedural/cross_01_peg_v1.png,bfe79a4c695e47863aa27132a9b1fa89b28007c0ebd4281d5020a22454bbf7bf,768,0.067708,0.0,7de39322d57d
cross_01,cross,peg,v2,data/renders/procedural/cross_01_peg_v2.png,4e99e0b6c18ac91afadafb24b170e3310b8f67c0b4fed930dbfbb3964619562c,768,0.067708,30.0,7de39322d57d
cross_01,cross,socket,v1,data/renders/procedural/cross_01_socket_v1.png,976c52b84bb7984a0210214a2f2e426c7f1259e22f24d696e83b3ec336efe3e1,768,0.067708,0.0,7de39322d57d
cross_01,cross,socket,v2,data/renders/procedural/cross_01_socket_v2.png,4e0e5f03607ea1723b4dab0ed91b59f46e48b0ab2bd684651aee2f5097c70acc,768,0.067708,30.0,7de39322d57d
cross_02,cross,peg,v1,data/renders/procedural/cross_02_peg_v1.png,86ca0b60c8f37bf6a96822914041aade1aa6f89914ef3650b6a402dc5aed24d3,768,0.067708,0.0,7de39322d57d
cross_02,cross,peg,v2,data/renders/procedural/cross_02_peg_v2.png,fdbd4897af4a258119c412386778265cfdb6fd459a5e2009580d6dc1f474c905,768,0.067708,30.0,7de39322d57d
cross_02,cross,socket,v1,data/renders/procedural/cross_02_socket_v1.png,2092ee6bc0094b5d7ff007f4bc034cd933216af2aef52af920285244fced04e0,768,0.067708,0.0,7de39322d57d
cross_02,cross,socket,v2,data/renders/procedural/cross_02_socket_v2.png,b8a3ce9fb4936534d7b25a962db0ec4dc207a7e1b3447636a0cef0cbe0692f03,768,0.067708,30.0,7de39322d57d
cross_03,cross,peg,v1,data/renders/procedural/cross_03_peg_v1.png,378ce572e0606a724830f0ac12c99a9db0d96e1bd1b5afe729ec352489409dc9,768,0.067708,0.0,7de39322d57d
cross_03,cross,peg,v2,data/renders/procedural/cross_03_peg_v2.png,061ab3a774719ed7fd4d03930c8697bf54324766acc3ad18da4cc19cca3af075,768,0.067708,30.0,7de39322d57d
cross_03,cross,socket,v1,data/renders/procedural/cross_03_socket_v1.png,ad92d78b599ee0168a0934e833c6de049a895aaf29e10bc3329151738776db7e,768,0.067708,0.0,7de39322d57d
cross_03,cross,socket,v2,data/renders/procedural/cross_03_socket_v2.png,5ea7988ffec9576099825b06968c80e645c01eee1e48e3f9583df70c17270cee,768,0.067708,30.0,7de39322d57d
cross_04,cross,peg,v1,data/renders/procedural/cross_04_peg_v1.png,fbf6d9b27515ed2acd5e32276acef8de2f3be2c70629180e26af8bbc2857c464,768,0.067708,0.0,7de39322d57d
cross_04,cross,peg,v2,data/renders/procedural/cross_04_peg_v2.png,8c8be27c189d430b4893b7c19a972fb6a433e0333d37f25bf63b68f3bd237928,768,0.067708,30.0,7de39322d57d
cross_04,cross,socket,v1,data/renders/procedural/cross_04_socket_v1.png,01a004a5c22babd229899fb3c10589851c9014508eb241cfc41be32c1be0f5b9,768,0.067708,0.0,7de39322d57d
cross_04,cross,socket,v2,data/renders/procedural/cross_04_socket_v2.png,8dd68bbab80e59b14aff723098b8e558463ca48f9ce4f2deef2eec2cb4c5d8b6,768,0.067708,30.0,7de39322d57d
tee_01,tee,peg,v1,data/renders/procedural/tee_01_peg_v1.png,2faa35979f21ff3f98e37431fb0fbee2f83c115bd24b715e9757bc1f67154b21,768,0.067708,0.0,7de39322d57d
tee_01,tee,peg,v2,data/renders/procedural/tee_01_peg_v2.png,430a5db5d5a837ca4010719ec99d47c2056c2e2011fdb13ff6bd0da13b079060,768,0.067708,30.0,7de39322d57d
tee_01,tee,socket,v1,data/renders/procedural/tee_01_socket_v1.png,cb244dc182a40d15b139a0721b213a4bd3e4e8582c4ab9ece25873a77cd375b4,768,0.067708,0.0,7de39322d57d
tee_01,tee,socket,v2,data/renders/procedural/tee_01_socket_v2.png,b1048dee4002f17f12a05688f81552da90bc9891d3040f41549bdfa8d9367da2,768,0.067708,30.0,7de39322d57d
tee_02,tee,peg,v1,data/renders/procedural/tee_02_peg_v1.png,e9898033a540893a2215532183f2e7e277f03031ba8c8eae76bf0b11cf7cf668,768,0.067708,0.0,7de39322d57d
tee_02,tee,peg,v2,data/renders/procedural/tee_02_peg_v2.png,5b8a38784bf447516e1041daf5816fa961850856672c7e814655b1c49c662e3d,768,0.067708,30.0,7de39322d57d
tee_02,tee,socket,v1,data/renders/procedural/tee_02_socket_v1.png,e2572a16c3b918e17ca34f77dcf4ffd9e1fcee65022ec40d1759ae5cd55aff45,768,0.067708,0.0,7de39322d57d
tee_02,tee,socket,v2,data/renders/procedural/tee_02_socket_v2.png,2874959ef9c80fdac5ab53b064032e924b367c97c89babcbabcbf6346afd51b4,768,0.067708,30.0,7de39322d57d
tee_03,tee,peg,v1,data/renders/procedural/tee_03_peg_v1.png,330ec315dae35c323ab9d1542286fe7ca42c436e34df98ad13fe8d8cc65a5704,768,0.067708,0.0,7de39322d57d
tee_03,tee,peg,v2,data/renders/procedural/tee_03_peg_v2.png,b1a5b3865ca268fdaa2aec2428103504909227a69f6bd44681d6062c3d8d9083,768,0.067708,30.0,7de39322d57d
tee_03,tee,socket,v1,data/renders/procedural/tee_03_socket_v1.png,dadb2efd70942997ddd24db67e10cd575ad3d9ef690b66141bdcaae6f1cc878e,768,0.067708,0.0,7de39322d57d
tee_03,tee,socket,v2,data/renders/procedural/tee_03_socket_v2.png,92327b8b4e1efff1f3d06ce6101aa6428cd20e37572061518ab134f983217d97,768,0.067708,30.0,7de39322d57d
ell_01,ell,peg,v1,data/renders/procedural/ell_01_peg_v1.png,7bb88642d4947c8ea8a123b4e7fe954d0fe30b91fe9fa7be9d0b2ee5f5554bb3,768,0.067708,0.0,7de39322d57d
ell_01,ell,peg,v2,data/renders/procedural/ell_01_peg_v2.png,a9fc9dfa163b1ce1170a65cc4703614ca49893bdd224a39fca17cba2baa675f8,768,0.067708,30.0,7de39322d57d
ell_01,ell,socket,v1,data/renders/procedural/ell_01_socket_v1.png,333b449320ce131a737a6ba8aa7efe29716322113639ff347ded5b4cf6db1448,768,0.067708,0.0,7de39322d57d
ell_01,ell,socket,v2,data/renders/procedural/ell_01_socket_v2.png,18c6159ff02d389200b02b4ea5131252031d116cf0a9ff4c58406cc64ddb3dc0,768,0.067708,30.0,7de39322d57d
ell_02,ell,peg,v1,data/renders/procedural/ell_02_peg_v1.png,140d4eb7345f25542444c799ce5bdaf5f39c5a79adcc0f1bf7eaf36d0fba65b1,768,0.067708,0.0,7de39322d57d
ell_02,ell,peg,v2,data/renders/procedural/ell_02_peg_v2.png,e12d81da8fafa898a084e42158c319db98fdfe32b699f74c322792c7d6ffbb36,768,0.067708,30.0,7de39322d57d
ell_02,ell,socket,v1,data/renders/procedural/ell_02_socket_v1.png,e5c0efcd3d0eb18b24c3729c6aec980fdb397e097db14189522ec49260209887,768,0.067708,0.0,7de39322d57d
ell_02,ell,socket,v2,data/renders/procedural/ell_02_socket_v2.png,8f30b8f751ec5298f42b0cac98b34f8056ebb4f36e80ebade291824013271455,768,0.067708,30.0,7de39322d57d
ell_03,ell,peg,v1,data/renders/procedural/ell_03_peg_v1.png,21ee754897d266d31de6a8286ba307c8f77a24a3cea70e24b4779381427a1c53,768,0.067708,0.0,7de39322d57d
ell_03,ell,peg,v2,data/renders/procedural/ell_03_peg_v2.png,aa82319e87687ac2c02ac30c148311955d0785d1d8458dafd9611a9f50d51c3b,768,0.067708,30.0,7de39322d57d
ell_03,ell,socket,v1,data/renders/procedural/ell_03_socket_v1.png,b6e4b1036f5040d4fd9dd856d87552e6e31625cc8ca13652d8f1bafe065b6cef,768,0.067708,0.0,7de39322d57d
ell_03,ell,socket,v2,data/renders/procedural/ell_03_socket_v2.png,f1a33a1c2a47c2b10081c516a070380c720d03d4535d2e5771139e2c686fb498,768,0.067708,30.0,7de39322d57d
ell_04,ell,peg,v1,data/renders/procedural/ell_04_peg_v1.png,d3e843ee39bdcb492db38f357dd901064863904dd5230c905095c828c6d93164,768,0.067708,0.0,7de39322d57d
ell_04,ell,peg,v2,data/renders/procedural/ell_04_peg_v2.png,7f402b53bb96f403f875497f4f03ad24a36d2ac036344a44caf0875f72bfe54f,768,0.067708,30.0,7de39322d57d
ell_04,ell,socket,v1,data/renders/procedural/ell_04_socket_v1.png,b0deb8325103082a1016a0dd137215f2be38fee71179712e28ea484639856283,768,0.067708,0.0,7de39322d57d
ell_04,ell,socket,v2,data/renders/procedural/ell_04_socket_v2.png,25cd04896451d4415dce828a34b053b0a907b1a73d3640ae33cf7fbe887c5cdb,768,0.067708,30.0,7de39322d57d
ell_05,ell,peg,v1,data/renders/procedural/ell_05_peg_v1.png,be9c179b81b33d6e3cf68bbbb732087ebad9ad577bae70d8cf421d7b9e065296,768,0.067708,0.0,7de39322d57d
ell_05,ell,peg,v2,data/renders/procedural/ell_05_peg_v2.png,87dd0d14f3b8ad3ae1b35b777a05f2bb5d13e0c6435e97bcbcf71d877cd5dbee,768,0.067708,30.0,7de39322d57d
ell_05,ell,socket,v1,data/renders/procedural/ell_05_socket_v1.png,3b985cf47a034fc88762fb4055617b725c3ee9a4e2043aa6ed490694113f321f,768,0.067708,0.0,7de39322d57d
ell_05,ell,socket,v2,data/renders/procedural/ell_05_socket_v2.png,dcf0af3adbaeda0ea68a0cd50f07f8e81b463ca57f9d23725547be71625907a6,768,0.067708,30.0,7de39322d57d
ell_06,ell,peg,v1,data/renders/procedural/ell_06_peg_v1.png,3d09ed4aa0c6f3387590a0f2d25ddd2802f7c82656db1eab25c8b146835719b5,768,0.067708,0.0,7de39322d57d
ell_06,ell,peg,v2,data/renders/procedural/ell_06_peg_v2.png,ec076433db13d0b988a2d486c90f3993e9cf0f120832a9f0735b9569fc33f4b9,768,0.067708,30.0,7de39322d57d
ell_06,ell,socket,v1,data/renders/procedural/ell_06_socket_v1.png,3b3f1110f0262260ff597f1948de3afe83ac3bdce261c945e801c62c19c98239,768,0.067708,0.0,7de39322d57d
ell_06,ell,socket,v2,data/renders/procedural/ell_06_socket_v2.png,6589d1266254f1bf8caac922d4d196d17da84cd7091f4c077b0d4c9aff818163,768,0.067708,30.0,7de39322d57d
star_01,star,peg,v1,data/renders/procedural/star_01_peg_v1.png,239ce4f758291f082b67faeb8274b1f3667202f02028d45e97d314256bcbbe62,768,0.067708,0.0,7de39322d57d
star_01,star,peg,v2,data/renders/procedural/star_01_peg_v2.png,663740e176122daa80ff58b9f6629fba69a25211e22f78e27b87a43ac2c570c6,768,0.067708,30.0,7de39322d57d
star_01,star,socket,v1,data/renders/procedural/star_01_socket_v1.png,755523071d2449c8928bd01e3642a7d3bd326e15423721c4d4bc94e2f77b29a4,768,0.067708,0.0,7de39322d57d
star_01,star,socket,v2,data/renders/procedural/star_01_socket_v2.png,e23ed2eab208563e4cf2b14f8e0ae0902e4dcd30e102bfcac1e311eb299153b2,768,0.067708,30.0,7de39322d57d
star_02,star,peg,v1,data/renders/procedural/star_02_peg_v1.png,b7d58865ef8a1d4c4ba9ee872449e44525c8837c992979dba82ef3da35296b31,768,0.067708,0.0,7de39322d57d
star_02,star,peg,v2,data/renders/procedural/star_02_peg_v2.png,80e4def4fb442039bbef5ae8394825234b910b031c2e3c039a0b225c63e3c930,768,0.067708,30.0,7de39322d57d
star_02,star,socket,v1,data/renders/procedural/star_02_socket_v1.png,43ef89d4c398d2e4bfa8892d2c4db0ee661480faf53cbc04142950c918f0b753,768,0.067708,0.0,7de39322d57d
star_02,star,socket,v2,data/renders/procedural/star_02_socket_v2.png,be28ef2d510b728c048d6df9de20f18d28de77d3cbf33f0c6d7597813d0578a3,768,0.067708,30.0,7de39322d57d
star_03,star,peg,v1,data/renders/procedural/star_03_peg_v1.png,d3b8f2ac67390fcc3f88ea25c5e6e0c11bd427083fa8ab877d35beaa8b68c06f,768,0.067708,0.0,7de39322d57d
star_03,star,peg,v2,data/renders/procedural/star_03_peg_v2.png,b6f074e0c91004f36d96c3eca6c1cc44f7d4133b445d7379fafb955ed3060fe9,768,0.067708,30.0,7de39322d57d
star_03,star,socket,v1,data/renders/procedural/star_03_socket_v1.png,cc56f5fa167363311cff330a84172b238e57c677d834d0b07f2a580980910e87,768,0.067708,0.0,7de39322d57d
star_03,star,socket,v2,data/renders/procedural/star_03_socket_v2.png,eddd67fb2f5c9776d7a1148b2bf57a5224c2156ffa66bd79afb82b122f92b663,768,0.067708,30.0,7de39322d57d
star_04,star,peg,v1,data/renders/procedural/star_04_peg_v1.png,a6fc0096ecd81994b0e26644f74dfd2a58d7cbcc2e0c2612ac90e8e654202712,768,0.067708,0.0,7de39322d57d
star_04,star,peg,v2,data/renders/procedural/star_04_peg_v2.png,4d0c0c0ce9fa1647a92d74652b4ebbc9cb5bf4375c522ee40b17e0a4a7734b8d,768,0.067708,30.0,7de39322d57d
star_04,star,socket,v1,data/renders/procedural/star_04_socket_v1.png,4bae1b8099b6069a89d8aefc95cbcfb8e4d5d760f46664993b5fa10aed283191,768,0.067708,0.0,7de39322d57d
star_04,star,socket,v2,data/renders/procedural/star_04_socket_v2.png,3d7c3f97e48960702efbb884d4c28eb27ad5a90aecc012808964eaef6dea7580,768,0.067708,30.0,7de39322d57d
keyed_01,keyed,peg,v1,data/renders/procedural/keyed_01_peg_v1.png,005a4158267771ffbc5572a9960372a3c76d070d1143a0f551f24743455a32ac,768,0.067708,0.0,7de39322d57d
keyed_01,keyed,peg,v2,data/renders/procedural/keyed_01_peg_v2.png,9212036a333493303c7e2a36b2e6c7e687e35d4e94cc96428f5dc4a57237ef51,768,0.067708,30.0,7de39322d57d
keyed_01,keyed,socket,v1,data/renders/procedural/keyed_01_socket_v1.png,b2b0bd20a5af7d8a0dc2e88503b8dec48c6158b5a2d97ebe94b0c486a6d9ded3,768,0.067708,0.0,7de39322d57d
keyed_01,keyed,socket,v2,data/renders/procedural/keyed_01_socket_v2.png,c0ebfb234939e65aa2cc185f873704f3cb4d819eab0a46176efb20d34f5e87ce,768,0.067708,30.0,7de39322d57d
keyed_02,keyed,peg,v1,data/renders/procedural/keyed_02_peg_v1.png,19806519b5b5ed887a6d40f060efa2b3040d6aedaf33192b807dd75994eef28a,768,0.067708,0.0,7de39322d57d
keyed_02,keyed,peg,v2,data/renders/procedural/keyed_02_peg_v2.png,537eb21138f5c2a1390da4c1ee4784d1643d38d24415d81d023ecf22879b3058,768,0.067708,30.0,7de39322d57d
keyed_02,keyed,socket,v1,data/renders/procedural/keyed_02_socket_v1.png,aa95ef7b14eea530701d4ff0d641a1aba2301883f18198f0db63b080459253ce,768,0.067708,0.0,7de39322d57d
keyed_02,keyed,socket,v2,data/renders/procedural/keyed_02_socket_v2.png,21e8585bc722c10ad4026ee92ae6360cdd51442396b04a5b43284e11e73d054d,768,0.067708,30.0,7de39322d57d
keyed_03,keyed,peg,v1,data/renders/procedural/keyed_03_peg_v1.png,60b5e8a7674735e3c3d653ac5f32fd864caa3e309a8a5a7e12b9742cfbac3548,768,0.067708,0.0,7de39322d57d
keyed_03,keyed,peg,v2,data/renders/procedural/keyed_03_peg_v2.png,aed9d4218a658f17aa69c9c251a6bba79e8c6667824dcc0f1083c1425e5f1104,768,0.067708,30.0,7de39322d57d
keyed_03,keyed,socket,v1,data/renders/procedural/keyed_03_socket_v1.png,fa37b69124b4c37157ebc1ab5feda1342650de859b0316f59d15fa269ec22fd0,768,0.067708,0.0,7de39322d57d
keyed_03,keyed,socket,v2,data/renders/procedural/keyed_03_socket_v2.png,c5a520d63e9b656ffbbdc05f6ee2aba9420a969ad57d6f89dc5b224eb85fc85e,768,0.067708,30.0,7de39322d57d
keyed_04,keyed,peg,v1,data/renders/procedural/keyed_04_peg_v1.png,c624565ec7d592ee7348f0122169c88185a9099fadd556f4811b7fb330515714,768,0.067708,0.0,7de39322d57d
keyed_04,keyed,peg,v2,data/renders/procedural/keyed_04_peg_v2.png,50b4997b78aefb75eac7f83879d51f5234d061c5d37ab3fb8b3cfee5850e9640,768,0.067708,30.0,7de39322d57d
keyed_04,keyed,socket,v1,data/renders/procedural/keyed_04_socket_v1.png,972254496d8a543b45680d3c6e8bd7442a104f4554304d00cd0d197a1db8d3d1,768,0.067708,0.0,7de39322d57d
keyed_04,keyed,socket,v2,data/renders/procedural/keyed_04_socket_v2.png,4c013dd8aa5370caaa0b31eba800e04c6fc60f532ee9e122aedbc5cd22b30ba2,768,0.067708,30.0,7de39322d57d
keyed_05,keyed,peg,v1,data/renders/procedural/keyed_05_peg_v1.png,e29d88a9dbdedb1f150cf9a6ba23a63f4250c281bb509623cd53b1bef6ec5a71,768,0.067708,0.0,7de39322d57d
keyed_05,keyed,peg,v2,data/renders/procedural/keyed_05_peg_v2.png,f72bdb98eb61106a7271a5a4ad03bc0db1e02205bcde125165f967b94607a3b8,768,0.067708,30.0,7de39322d57d
keyed_05,keyed,socket,v1,data/renders/procedural/keyed_05_socket_v1.png,c0bbdf38bd60a1d429431e09c6faff4b0d222301c7e5705568204971bea4a11c,768,0.067708,0.0,7de39322d57d
keyed_05,keyed,socket,v2,data/renders/procedural/keyed_05_socket_v2.png,c77e73937dc0e8de63dcbcf6b0b486aee764729c6aeea55186441a4c843ac977,768,0.067708,30.0,7de39322d57d
notched_01,notched,peg,v1,data/renders/procedural/notched_01_peg_v1.png,bbb1f2eb9971e3bcac1594007385c4f12601855b0f06c06d2e0f7fcb52d8a6c9,768,0.067708,0.0,7de39322d57d
notched_01,notched,peg,v2,data/renders/procedural/notched_01_peg_v2.png,a5efe9d0c85c4d888567e677f2b0ae2ace95c0971808bbaf88a87e2079e42bf1,768,0.067708,30.0,7de39322d57d
notched_01,notched,socket,v1,data/renders/procedural/notched_01_socket_v1.png,cae30b7924f2f34555f63cf6bf1c324af03eeac7ec036b63fca4d1a4521d596b,768,0.067708,0.0,7de39322d57d
notched_01,notched,socket,v2,data/renders/procedural/notched_01_socket_v2.png,44a4bc7347379969fabc552606b6f8bbd06c47304c38ffdae2020da70b1f9369,768,0.067708,30.0,7de39322d57d
notched_02,notched,peg,v1,data/renders/procedural/notched_02_peg_v1.png,ef4c8b1ab1ff6147166ad9c704137e7699c7a606985fea807ab336da163bf9c0,768,0.067708,0.0,7de39322d57d
notched_02,notched,peg,v2,data/renders/procedural/notched_02_peg_v2.png,0dd2c47e4332dedff5c88c3a63938015c37506c7f9deae9ed0e9198a34621fe7,768,0.067708,30.0,7de39322d57d
notched_02,notched,socket,v1,data/renders/procedural/notched_02_socket_v1.png,50decefe22ca4b6df3c5d6e6b88ac3de744a1f07c6477630362748f7de789c4b,768,0.067708,0.0,7de39322d57d
notched_02,notched,socket,v2,data/renders/procedural/notched_02_socket_v2.png,74783bf9c77ec38fd6974b0d7b7a9def06b896ca2de0f1c2bddce62f5cebff05,768,0.067708,30.0,7de39322d57d
notched_03,notched,peg,v1,data/renders/procedural/notched_03_peg_v1.png,8b2c468d177e5610d04f1b0e6ab465dbce6e0e3ad56e989e87035af793b14c45,768,0.067708,0.0,7de39322d57d
notched_03,notched,peg,v2,data/renders/procedural/notched_03_peg_v2.png,45470a9da725f42cb696b6328d09b3f71e35aa917b5bf90d463be3b61ad457a9,768,0.067708,30.0,7de39322d57d
notched_03,notched,socket,v1,data/renders/procedural/notched_03_socket_v1.png,6c174b9a804047af93d0ac28f87340a6b9f9e89f959a2f137e4244dd5c3ed4b7,768,0.067708,0.0,7de39322d57d
notched_03,notched,socket,v2,data/renders/procedural/notched_03_socket_v2.png,32027a1c4b912e3084e4466a688fd91ce649a1250826cd4d48eea0d8d82740c5,768,0.067708,30.0,7de39322d57d
notched_04,notched,peg,v1,data/renders/procedural/notched_04_peg_v1.png,cc729098f718a2e5a8f29828851e00f7b6aa0f6d822a8900132bf201a07dd70f,768,0.067708,0.0,7de39322d57d
notched_04,notched,peg,v2,data/renders/procedural/notched_04_peg_v2.png,cf4d2175ab2d61ebd248d0f1bce042e3aa8a6f0cd0deb6efca51d3b284f6c779,768,0.067708,30.0,7de39322d57d
notched_04,notched,socket,v1,data/renders/procedural/notched_04_socket_v1.png,cbd823efad29c486725f1bfabcc2729bbbded6156f31babf85e9bc75a6bfe64a,768,0.067708,0.0,7de39322d57d
notched_04,notched,socket,v2,data/renders/procedural/notched_04_socket_v2.png,587c1fbc22dfcf9dc8a4a539c7dae283cd161a8153385c28a0ce044d0c21e241,768,0.067708,30.0,7de39322d57d
trapezoid_01,trapezoid,peg,v1,data/renders/procedural/trapezoid_01_peg_v1.png,50c6d74eab0ce8e5a352c3e46bb8ad9848c13ca89e3c1bcc268d2d9881fca38c,768,0.067708,0.0,7de39322d57d
trapezoid_01,trapezoid,peg,v2,data/renders/procedural/trapezoid_01_peg_v2.png,67bfe6b3c38d6665e14f7b5a58dcb56e52e38b602656a9e908bba6b081df035a,768,0.067708,30.0,7de39322d57d
trapezoid_01,trapezoid,socket,v1,data/renders/procedural/trapezoid_01_socket_v1.png,054c56e5b955bc45d011bc2b1ac6c7e87f5b31795d0e14c6f51e7f056c436a22,768,0.067708,0.0,7de39322d57d
trapezoid_01,trapezoid,socket,v2,data/renders/procedural/trapezoid_01_socket_v2.png,327770897f365ae4940940c2c38b9c43ae05419c9d1848c7d576ce800f1d3def,768,0.067708,30.0,7de39322d57d
trapezoid_02,trapezoid,peg,v1,data/renders/procedural/trapezoid_02_peg_v1.png,fef163eeace668ed27b0c100291b96d13c1d18e3ebcfcf3dab21cc2b3627ff39,768,0.067708,0.0,7de39322d57d
trapezoid_02,trapezoid,peg,v2,data/renders/procedural/trapezoid_02_peg_v2.png,e45f2fd0a5dc25a7b87b2be69f9563cb1532b6d8053661daac15ff5196d607b4,768,0.067708,30.0,7de39322d57d
trapezoid_02,trapezoid,socket,v1,data/renders/procedural/trapezoid_02_socket_v1.png,4904a3df3fa194abdc6cf9093d8c4f291b6c6921ca5d496e80d862e4a00627b9,768,0.067708,0.0,7de39322d57d
trapezoid_02,trapezoid,socket,v2,data/renders/procedural/trapezoid_02_socket_v2.png,b8ee71a6fd4d69102bdd494bf4b9b5a2f5430e20dd93051710c93bfc7b0e84df,768,0.067708,30.0,7de39322d57d
trapezoid_03,trapezoid,peg,v1,data/renders/procedural/trapezoid_03_peg_v1.png,926c22471efcbae8504ef23adee28f97cca4a790106c094b7c860479da2adea7,768,0.067708,0.0,7de39322d57d
trapezoid_03,trapezoid,peg,v2,data/renders/procedural/trapezoid_03_peg_v2.png,3aa3d21c2680c5e3df9c2dbf77a62960518eb88599896c441eed2e7be159c04f,768,0.067708,30.0,7de39322d57d
trapezoid_03,trapezoid,socket,v1,data/renders/procedural/trapezoid_03_socket_v1.png,da4bbb72ead9a4689b9f5f7f2be5719c963b6976f85552cf049a6d18f3334fe3,768,0.067708,0.0,7de39322d57d
trapezoid_03,trapezoid,socket,v2,data/renders/procedural/trapezoid_03_socket_v2.png,c8a58428dc101b96402fea5a9644e2452684404a5a9dd84998ceb92950ed9abc,768,0.067708,30.0,7de39322d57d
chamfered_01,chamfered,peg,v1,data/renders/procedural/chamfered_01_peg_v1.png,0d602654e083a25c52cdb76f36e7cddb02c821adb3b854dece0c9954563bd69e,768,0.067708,0.0,7de39322d57d
chamfered_01,chamfered,peg,v2,data/renders/procedural/chamfered_01_peg_v2.png,5217f05c6c980d0c7a518db2a161a0e74695e114542e4885809eb06114437e2e,768,0.067708,30.0,7de39322d57d
chamfered_01,chamfered,socket,v1,data/renders/procedural/chamfered_01_socket_v1.png,6302b060b3f93f930b379dead59aec1b560033b6e6bae8dc50f9ed6a53e249af,768,0.067708,0.0,7de39322d57d
chamfered_01,chamfered,socket,v2,data/renders/procedural/chamfered_01_socket_v2.png,1615f327f6bf7b0bfcbe80bc96de6571484847602fa0265509648111f7c74deb,768,0.067708,30.0,7de39322d57d
chamfered_02,chamfered,peg,v1,data/renders/procedural/chamfered_02_peg_v1.png,a5d57cca565f7c6f9f56f03aed82a9c359762c9c9c100916ec5eb1acac9b31f3,768,0.067708,0.0,7de39322d57d
chamfered_02,chamfered,peg,v2,data/renders/procedural/chamfered_02_peg_v2.png,2d5f653e81210ab288001854aae83181b1189b883ee01da2986f6489c563a521,768,0.067708,30.0,7de39322d57d
chamfered_02,chamfered,socket,v1,data/renders/procedural/chamfered_02_socket_v1.png,19f26385c6a7331d0ac2ce5882eae88460413f106b1ba9d77008aa14d7ada79a,768,0.067708,0.0,7de39322d57d
chamfered_02,chamfered,socket,v2,data/renders/procedural/chamfered_02_socket_v2.png,e70f76e8b68e82660dc31b37ae9cfc8160f83e5ebb8ffcdbd1cd16d7b6cb5027,768,0.067708,30.0,7de39322d57d
chamfered_03,chamfered,peg,v1,data/renders/procedural/chamfered_03_peg_v1.png,d3134926e816f41ea7951316395ac86dcd7555555a02ca37df7f5d6190c6ddb9,768,0.067708,0.0,7de39322d57d
chamfered_03,chamfered,peg,v2,data/renders/procedural/chamfered_03_peg_v2.png,c6025df7fe97cccfc6987e2e3b42181701bc44c99d53a7683877ecc44e067b03,768,0.067708,30.0,7de39322d57d
chamfered_03,chamfered,socket,v1,data/renders/procedural/chamfered_03_socket_v1.png,062abc16710b9fcbd5d66a434e9bfaafd6910e01853832eedc0ed1f12916333e,768,0.067708,0.0,7de39322d57d
chamfered_03,chamfered,socket,v2,data/renders/procedural/chamfered_03_socket_v2.png,d84c5068f46d68a851dc2fbe3aaabfa449315bbbab6381e8628b7569fe007d5c,768,0.067708,30.0,7de39322d57d
chamfered_04,chamfered,peg,v1,data/renders/procedural/chamfered_04_peg_v1.png,9e657ae766fd34b703d007e4aa376128b0a21dc76363bce2e7be2c7973b3fccd,768,0.067708,0.0,7de39322d57d
chamfered_04,chamfered,peg,v2,data/renders/procedural/chamfered_04_peg_v2.png,70d288f272f00587a83a12f043e987c2e82d6674a9dfcbceec74921cf21029ed,768,0.067708,30.0,7de39322d57d
chamfered_04,chamfered,socket,v1,data/renders/procedural/chamfered_04_socket_v1.png,eb0bdeae74ede8e4ab9e12534405ee26f023749a1759d24c1e420c2aaa8ec0c7,768,0.067708,0.0,7de39322d57d
chamfered_04,chamfered,socket,v2,data/renders/procedural/chamfered_04_socket_v2.png,0f8dd3b044cba56125d4e7846519a39bb1a5b81b01eea43e9cfface363223d23,768,0.067708,30.0,7de39322d57d
gear_01,gear,peg,v1,data/renders/procedural/gear_01_peg_v1.png,2a7258df4da7585be35def0734a9739a75f54b7ee5a6ad109f69add2ed947ba9,768,0.067708,0.0,7de39322d57d
gear_01,gear,peg,v2,data/renders/procedural/gear_01_peg_v2.png,d11bb1e8e7e17947603799a8df6a626e1eab4fb39c2fa6f393677cd6ea222b70,768,0.067708,30.0,7de39322d57d
gear_01,gear,socket,v1,data/renders/procedural/gear_01_socket_v1.png,8c6ba90e5d1ad50244e020649b34e29b9a62332785b469d2061a4164fefd9b32,768,0.067708,0.0,7de39322d57d
gear_01,gear,socket,v2,data/renders/procedural/gear_01_socket_v2.png,d60b8fd6e32a31a6401cf009184d21a9c4d2a99f9e429e194ccdc6aeb252e6dd,768,0.067708,30.0,7de39322d57d
gear_02,gear,peg,v1,data/renders/procedural/gear_02_peg_v1.png,921715a45e9e2831e05878dbaaf73f9a656808b9bd435b300e2b9756be7eb2a5,768,0.067708,0.0,7de39322d57d
gear_02,gear,peg,v2,data/renders/procedural/gear_02_peg_v2.png,642a0d42c08377f8790fca731d8154a092ff5f86216556c2bb3151a3493a1a3e,768,0.067708,30.0,7de39322d57d
gear_02,gear,socket,v1,data/renders/procedural/gear_02_socket_v1.png,6094099ece505771cf10e0d1eae152728f487a60a60f528f5bab6f8bfeaac50d,768,0.067708,0.0,7de39322d57d
gear_02,gear,socket,v2,data/renders/procedural/gear_02_socket_v2.png,59d293019e7288d7c49e8259470d9c0f55efb4893c2301acdfb529419e3e3705,768,0.067708,30.0,7de39322d57d
gear_03,gear,peg,v1,data/renders/procedural/gear_03_peg_v1.png,3a8d80df38423408eb1c181068c7f762929cbaa97b2ca6a08537f6c0659f3dab,768,0.067708,0.0,7de39322d57d
gear_03,gear,peg,v2,data/renders/procedural/gear_03_peg_v2.png,be308f6c0550652aa966608c0ab7c2fa33d245a394a0dff3be1543a7d4d7de89,768,0.067708,30.0,7de39322d57d
gear_03,gear,socket,v1,data/renders/procedural/gear_03_socket_v1.png,c153cd9851144268819ad7c2c80038bbc25bea46b173cebd6c7bf42eef353161,768,0.067708,0.0,7de39322d57d
gear_03,gear,socket,v2,data/renders/procedural/gear_03_socket_v2.png,7f2977800d843389e1fa536dbf3776e65a3b2784d6b2f896a698125d8376e264,768,0.067708,30.0,7de39322d57d
tube_01,tube,peg,v1,data/renders/procedural/tube_01_peg_v1.png,e6f9f9a8178731360b5596172efe9142626b11879f43964712a2fd27fcfcac20,768,0.067708,0.0,7de39322d57d
tube_01,tube,peg,v2,data/renders/procedural/tube_01_peg_v2.png,df05cc6a24c58b664da476646ae3543125b5404396d72d1c29826e5e6ee7cc70,768,0.067708,30.0,7de39322d57d
tube_01,tube,socket,v1,data/renders/procedural/tube_01_socket_v1.png,f9c2cc13b184dd1b7a01d2f0b218999ae2f5f7d654382b615fe1827c17d31d32,768,0.067708,0.0,7de39322d57d
tube_01,tube,socket,v2,data/renders/procedural/tube_01_socket_v2.png,669d3903571a33d0a0237871a793193da76286462875fff2e2ff4612e7516124,768,0.067708,30.0,7de39322d57d
tube_02,tube,peg,v1,data/renders/procedural/tube_02_peg_v1.png,c70f138b84ecbe36ecb33ee011065e40292f3e1ce0661f51fe08fd2d25f147da,768,0.067708,0.0,7de39322d57d
tube_02,tube,peg,v2,data/renders/procedural/tube_02_peg_v2.png,c73545986d9b9dda921559fdacc0bb4520cd6e1c9c61c7b6f52740a84431a472,768,0.067708,30.0,7de39322d57d
tube_02,tube,socket,v1,data/renders/procedural/tube_02_socket_v1.png,566b8e16c9dd3473a7df06ccbca6a2feeb84b9db9d7bff5502bce83ca471be3c,768,0.067708,0.0,7de39322d57d
tube_02,tube,socket,v2,data/renders/procedural/tube_02_socket_v2.png,13d51fe8239d6803fb83a383e8f135ad900f7ce18c4a88080f211f7f6415776a,768,0.067708,30.0,7de39322d57d
tube_03,tube,peg,v1,data/renders/procedural/tube_03_peg_v1.png,6cd3428328ed69d3ec10c08ca056d94df24fa6fcedce8d9116c1a249c878c34a,768,0.067708,0.0,7de39322d57d
tube_03,tube,peg,v2,data/renders/procedural/tube_03_peg_v2.png,d8c6586255238eb16f0f8142a34659daa4aeb913da4d97c54a5f8e54ae426947,768,0.067708,30.0,7de39322d57d
tube_03,tube,socket,v1,data/renders/procedural/tube_03_socket_v1.png,5e33bffecd88da4b7ddb59e6e46616109b882c0b3153908295c92c20d29bc319,768,0.067708,0.0,7de39322d57d
tube_03,tube,socket,v2,data/renders/procedural/tube_03_socket_v2.png,e1113a9cf476a7e99d51e99715b808472acbc798096b52978bf21db43e710baf,768,0.067708,30.0,7de39322d57d
