style,grouping,peg,socket,own,oracle,p_yes,mass_yes,mass_no,answer,top_token,top_prob,n_input_tokens,latency_s,prep_s,peak_vram_gb
gray,nested,cross,cross,1,compatible,0.584190137956915,0.5834990739822388,0.41531798243522644,yes,Yes,0.5697137117385864,3018,1.8605954999984533,0.02998229999866453,6.12585973739624
gray,nested,cross,octagon,0,compatible,0.49031735678996824,0.4895784854888916,0.508914589881897,no,No,0.49393776059150696,3018,1.1502218999994511,0.015418599999975413,6.12585973739624
gray,nested,cross,square,0,incompatible,0.5268105611983409,0.5261894464492798,0.4726315438747406,yes,Yes,0.5121763348579407,3018,1.1864440000026661,0.015504599999985658,6.12585973739624
gray,nested,cross,circle,0,incompatible,0.5268875185659496,0.5260883569717407,0.4723948836326599,yes,Yes,0.49136465787887573,3018,1.2646735999987868,0.017329599999357015,6.12585973739624
gray,nested,cross,stadium,0,incompatible,0.5148471144423057,0.5139325261116028,0.48429104685783386,yes,Yes,0.46185576915740967,3018,1.257953100001032,0.020892900000035297,6.12585973739624
gray,nested,cross,trapezoid,0,incompatible,0.5242221627896886,0.5235204696655273,0.4751409888267517,yes,Yes,0.502593457698822,3018,1.2055663999999524,0.020149899999523768,6.12585973739624
gray,nested,cross,hexagon,0,incompatible,0.4693722403857788,0.46869534254074097,0.5298625230789185,no,No,0.5185298919677734,3018,1.2121667999999772,0.020470100000238745,6.12585973739624
gray,nested,cross,rectangle,0,incompatible,0.5238449763640683,0.5231446623802185,0.47551846504211426,yes,Yes,0.5048582553863525,3018,1.2089826999981597,0.019770799997786526,6.12585973739624
gray,nested,octagon,cross,0,incompatible,0.5783029059669084,0.5775261521339417,0.4211306869983673,yes,Yes,0.555109441280365,3018,1.151006400003098,0.019195000000763685,6.12585973739624
gray,nested,octagon,octagon,1,compatible,0.5810755240029688,0.5803436040878296,0.41839680075645447,yes,Yes,0.563129186630249,3018,1.1476876999986416,0.01902419999896665,6.12585973739624
gray,nested,octagon,square,0,incompatible,0.5239091675779366,0.5232727527618408,0.4755125045776367,yes,Yes,0.5049953460693359,3018,1.1960429999999178,0.018735600002401043,6.12585973739624
gray,nested,octagon,circle,0,incompatible,0.5155227632363935,0.5147695541381836,0.48376938700675964,yes,Yes,0.47928038239479065,3018,1.1788543000002392,0.022520900001836708,6.12585973739624
gray,nested,octagon,stadium,0,incompatible,0.5150765479582793,0.5141775012016296,0.4840770363807678,yes,Yes,0.4598402976989746,3018,1.2422484000016993,0.020284000001993263,6.12585973739624
gray,nested,octagon,trapezoid,0,incompatible,0.5361363631819839,0.5354617834091187,0.46327999234199524,yes,Yes,0.5137355923652649,3018,1.2710646000014094,0.02297290000205976,6.12585973739624
gray,nested,octagon,hexagon,0,incompatible,0.5311980144874638,0.5304936170578003,0.4681803286075592,yes,Yes,0.5135383605957031,3018,1.2961097000006703,0.019868100000167033,6.12585973739624
gray,nested,octagon,rectangle,0,incompatible,0.5285963508197522,0.5278772711753845,0.47076237201690674,yes,Yes,0.5057981014251709,3018,1.2215336999979627,0.022064699998736614,6.12585973739624
gray,nested,square,cross,0,incompatible,0.5881096971873455,0.5874228477478027,0.41140925884246826,yes,Yes,0.5735544562339783,3018,1.166323099998408,0.02335749999838299,6.12585973739624
gray,nested,square,octagon,0,incompatible,0.48804110856900285,0.4874301850795746,0.511318027973175,no,No,0.5044032335281372,3018,1.1790251999991597,0.019514700001309393,6.12585973739624
gray,nested,square,square,1,compatible,0.5376962701928268,0.5371198654174805,0.46180814504623413,yes,Yes,0.5271781086921692,3018,1.1961222000027192,0.020643900003051385,6.12585973739624
gray,nested,square,circle,0,incompatible,0.5289987378716539,0.5283117294311523,0.47038957476615906,yes,Yes,0.505903422832489,3018,1.2237365000000864,0.019167700000252808,6.12585973739624
gray,nested,square,stadium,0,incompatible,0.5234469016834594,0.5226312279701233,0.4758104979991913,yes,Yes,0.4886350631713867,3018,1.267480999998952,0.02055580000160262,6.12585973739624
gray,nested,square,trapezoid,0,incompatible,0.5304515604222804,0.5298489332199097,0.4690150022506714,yes,Yes,0.5173414349555969,3018,1.2619374999994761,0.02142420000018319,6.12585973739624
gray,nested,square,hexagon,0,incompatible,0.472392826239823,0.4717721939086914,0.5269140005111694,no,No,0.5196821093559265,3018,1.3038770999992266,0.022378499998012558,6.12585973739624
gray,nested,square,rectangle,0,incompatible,0.5459681481685266,0.5453111529350281,0.45348548889160156,yes,Yes,0.5330018997192383,3018,1.3388373000016145,0.021781300001748605,6.12585973739624
gray,nested,circle,cross,0,incompatible,0.6023125097954068,0.6015257835388184,0.39716804027557373,yes,Yes,0.5719055533409119,3018,1.196398500000214,0.02307730000029551,6.12585973739624
gray,nested,circle,octagon,0,compatible,0.546827924223314,0.5460357069969177,0.45251554250717163,yes,Yes,0.5089331865310669,3018,1.1331931999993685,0.019389000000956003,6.12585973739624
gray,nested,circle,square,0,incompatible,0.5445394981741956,0.5438610315322876,0.45489302277565,yes,Yes,0.5197365880012512,3018,1.1236594000001787,0.0186732000001939,6.12585973739624
gray,nested,circle,circle,1,compatible,0.5622123927928784,0.5614115595817566,0.4371640086174011,yes,Yes,0.524872362613678,3018,1.1166963999967265,0.01978219999728026,6.12585973739624
gray,nested,circle,stadium,0,incompatible,0.570788582671525,0.5699334144592285,0.42856836318969727,yes,Yes,0.527058482170105,3018,1.184767999999167,0.019386299998586765,6.12585973739624
gray,nested,circle,trapezoid,0,incompatible,0.5644326610654271,0.5637186765670776,0.43501636385917664,yes,Yes,0.5351403951644897,3018,1.1179855999980646,0.02117079999879934,6.12585973739624
gray,nested,circle,hexagon,0,incompatible,0.5286152595793356,0.5277848839759827,0.4706442654132843,yes,Yes,0.4857463836669922,3018,1.1336966999988363,0.01952999999775784,6.12585973739624
gray,nested,circle,rectangle,0,incompatible,0.5375803959100806,0.536827802658081,0.46177223324775696,yes,Yes,0.5091953277587891,3018,1.1954784000008658,0.0197574000012537,6.12585973739624
gray,nested,stadium,cross,0,incompatible,0.5833293615827513,0.5825130343437195,0.4160875380039215,yes,Yes,0.5529709458351135,3018,1.2391208000008191,0.0212046000015107,6.12585973739624
gray,nested,stadium,octagon,0,incompatible,0.49629768836741145,0.49552080035209656,0.5029138326644897,no,No,0.48136499524116516,3018,1.2793737000029068,0.020722200002637692,6.12585973739624
gray,nested,stadium,square,0,incompatible,0.49784038026066557,0.49718213081359863,0.5014956593513489,no,No,0.4888174533843994,3018,1.2326038999999582,0.021133599999302533,6.12585973739624
gray,nested,stadium,circle,0,incompatible,0.5373047494457127,0.5364367365837097,0.4619477689266205,yes,Yes,0.4843042492866516,3018,1.1832256999987294,0.019633100000646664,6.12585973739624
gray,nested,stadium,stadium,1,compatible,0.5551562627699681,0.5542797446250916,0.4441413879394531,yes,Yes,0.5113670825958252,3018,1.2017660999990767,0.021014199999626726,6.12585973739624
gray,nested,stadium,trapezoid,0,incompatible,0.5406043406348687,0.5398896932601929,0.45878836512565613,yes,Yes,0.5140885710716248,3018,1.2546720999998797,0.023232700001244666,6.12585973739624
gray,nested,stadium,hexagon,0,incompatible,0.4722139850330131,0.47149303555488586,0.5269802212715149,no,No,0.5063427686691284,3018,1.1931947999983095,0.0215433999983361,6.12585973739624
gray,nested,stadium,rectangle,0,incompatible,0.5096341585271266,0.5088983774185181,0.4896578788757324,yes,Yes,0.4842042326927185,3018,1.1322297999977309,0.020544499999232357,6.12585973739624
gray,nested,trapezoid,cross,0,incompatible,0.5577829701720579,0.5571389198303223,0.44170641899108887,yes,Yes,0.542722225189209,3018,1.1852212999983749,0.01910399999906076,6.12585973739624
gray,nested,trapezoid,octagon,0,incompatible,0.4766896769038052,0.47609567642211914,0.5226582288742065,no,No,0.5139002203941345,3018,1.180124300000898,0.021152299999812385,6.12585973739624
gray,nested,trapezoid,square,0,incompatible,0.5145775316279151,0.5140433311462402,0.4849185347557068,yes,Yes,0.5032917857170105,3018,1.2016284000019368,0.017818899999838322,6.12585973739624
gray,nested,trapezoid,circle,0,incompatible,0.5184944059224833,0.517799437046051,0.4808602035045624,yes,Yes,0.4891083240509033,3018,1.1722952000018267,0.019686499999806983,6.12585973739624
gray,nested,trapezoid,stadium,0,incompatible,0.512500731639563,0.5117231011390686,0.48675957322120667,yes,Yes,0.47324034571647644,3018,1.145831999998336,0.017476799999712966,6.12585973739624
gray,nested,trapezoid,trapezoid,1,compatible,0.5454192184216987,0.5448685884475708,0.454121857881546,yes,Yes,0.5346139669418335,3018,1.1205810999999812,0.020138799998676404,6.12585973739624
gray,nested,trapezoid,hexagon,0,incompatible,0.43723052277552127,0.4367032051086426,0.5620907545089722,no,No,0.5548354387283325,3018,1.1244086999977299,0.02057720000084373,6.12585973739624
gray,nested,trapezoid,rectangle,0,incompatible,0.522711283007217,0.5221102833747864,0.47673994302749634,yes,Yes,0.5097680687904358,3018,1.1723472000012407,0.01955409999936819,6.12585973739624
gray,nested,hexagon,cross,0,incompatible,0.5615775919861372,0.5609130263328552,0.43790358304977417,yes,Yes,0.5468448400497437,3018,1.1631696000004013,0.02285909999773139,6.12585973739624
gray,nested,hexagon,octagon,0,incompatible,0.5036709252046883,0.5030276775360107,0.49569520354270935,no,No,0.48834723234176636,3018,1.178281299999071,0.021706799998355564,6.12585973739624
gray,nested,hexagon,square,0,incompatible,0.5108541626439324,0.5102969408035278,0.4886122941970825,yes,Yes,0.49879834055900574,3018,1.1027389999981096,0.021258199998555938,6.12585973739624
gray,nested,hexagon,circle,0,incompatible,0.5022068831166041,0.5015374422073364,0.49712955951690674,no,No,0.4843728840351105,3018,1.110905699999421,0.020419699998456053,6.12585973739624
gray,nested,hexagon,stadium,0,incompatible,0.5013355012661614,0.500546932220459,0.49788013100624084,no,No,0.4759073853492737,3018,1.194571600000927,0.019512400001985952,6.12585973739624
gray,nested,hexagon,trapezoid,0,incompatible,0.5192280098795172,0.5186240673065186,0.4802127778530121,yes,Yes,0.5041715502738953,3018,1.1514870999999403,0.021340899998904206,6.12585973739624
gray,nested,hexagon,hexagon,1,compatible,0.5378160938883154,0.5371822118759155,0.4616391658782959,yes,Yes,0.5259366631507874,3018,1.1559478999988642,0.021690099998522783,6.12585973739624
gray,nested,hexagon,rectangle,0,incompatible,0.5151145358323636,0.5144973397254944,0.4843044877052307,yes,Yes,0.5011942386627197,3018,1.1379226999997627,0.01987409999856027,6.12585973739624
gray,nested,rectangle,cross,0,incompatible,0.5770993749412202,0.5764199495315552,0.4224027395248413,yes,Yes,0.5612863302230835,3018,1.177665800001705,0.018398700001853285,6.12585973739624
gray,nested,rectangle,octagon,0,incompatible,0.4802363471038367,0.4796590805053711,0.5191388726234436,no,No,0.5121190547943115,3018,1.1572274000027392,0.020341600000392646,6.12585973739624
gray,nested,rectangle,square,0,incompatible,0.5260990829730202,0.5255362391471863,0.47339391708374023,yes,Yes,0.5156562328338623,3018,1.1942281000010553,0.01866850000078557,6.12585973739624
gray,nested,rectangle,circle,0,incompatible,0.5254509489992681,0.524767279624939,0.47393161058425903,yes,Yes,0.5011416077613831,3018,1.1571184000022186,0.021058500002254732,6.12585973739624
gray,nested,rectangle,stadium,0,incompatible,0.5161617703444595,0.5153774619102478,0.48310303688049316,yes,Yes,0.4808593690395355,3018,1.1623574000004737,0.02107640000031097,6.12585973739624
gray,nested,rectangle,trapezoid,0,incompatible,0.5344841176994648,0.5338817834854126,0.4649912714958191,yes,Yes,0.5208868384361267,3018,1.166247500001191,0.021426399998745183,6.12585973739624
gray,nested,rectangle,hexagon,0,incompatible,0.47617783401737834,0.47557809948921204,0.5231624245643616,no,No,0.5164086818695068,3018,1.1500603000022238,0.02463270000225748,6.12585973739624
gray,nested,rectangle,rectangle,1,compatible,0.5340982138360216,0.5334697961807251,0.4653536081314087,yes,Yes,0.522304117679596,3018,1.1536771999999473,0.025626300001022173,6.12585973739624
paper,nested,cross,cross,1,compatible,0.536394235553113,0.5356190204620361,0.46293574571609497,yes,Yes,0.5115101933479309,3018,1.171123500000249,0.021619600000121864,6.12585973739624
paper,nested,cross,octagon,0,compatible,0.48291472513780015,0.4819740653038025,0.5160780549049377,no,No,0.48164838552474976,3018,1.2132906000006187,0.021217599998635706,6.12585973739624
paper,nested,cross,square,0,incompatible,0.4736835474509491,0.4728619456291199,0.5254035592079163,no,No,0.4996664226055145,3018,1.1440552000021853,0.022573000002012122,6.12585973739624
paper,nested,cross,circle,0,incompatible,0.5022109655903729,0.5013025403022766,0.4968886077404022,no,No,0.4669618010520935,3018,1.1406211999965308,0.023484599998482736,6.12585973739624
paper,nested,cross,stadium,0,incompatible,0.5092736630835532,0.5081934928894043,0.4896855056285858,no,No,0.4395080506801605,3018,1.1494481999980053,0.021613900000374997,6.12585973739624
paper,nested,cross,trapezoid,0,incompatible,0.48721871321841104,0.48630666732788086,0.5118213891983032,no,No,0.47768476605415344,3018,1.196310600000288,0.020295700000133365,6.12585973739624
paper,nested,cross,hexagon,0,incompatible,0.45355548059725487,0.45274102687835693,0.5454632639884949,no,No,0.5179443955421448,3018,1.1868696000019554,0.02107810000234167,6.12585973739624
paper,nested,cross,rectangle,0,incompatible,0.48317102360575875,0.4822518527507782,0.515845775604248,no,No,0.4819326400756836,3018,1.1887224999991304,0.02172960000098101,6.12585973739624
paper,nested,octagon,cross,0,incompatible,0.52500060674527,0.524124026298523,0.4742062985897064,yes,Yes,0.47932201623916626,3018,1.2003364999982296,0.02275339999687276,6.12585973739624
paper,nested,octagon,octagon,1,compatible,0.5571445831592748,0.5563083291053772,0.4421907067298889,yes,Yes,0.5245848894119263,3018,1.1990188999989186,0.021706700001232093,6.12585973739624
paper,nested,octagon,square,0,incompatible,0.47540840113722943,0.47459250688552856,0.5236912965774536,no,No,0.4939555525779724,3018,1.1879561999994621,0.02340610000101151,6.12585973739624
paper,nested,octagon,circle,0,incompatible,0.4979574202942542,0.4971175193786621,0.5011957883834839,no,No,0.4731508493423462,3018,1.1309653999996954,0.019010800002433825,6.12585973739624
paper,nested,octagon,stadium,0,incompatible,0.4982759166377538,0.49734020233154297,0.5007818937301636,no,No,0.45686057209968567,3018,1.1158054000006814,0.020278200001484947,6.12585973739624
paper,nested,octagon,trapezoid,0,incompatible,0.49273530225087603,0.4919493794441223,0.5064556002616882,no,No,0.48376986384391785,3018,1.091984800001228,0.02118970000083209,6.12585973739624
paper,nested,octagon,hexagon,0,incompatible,0.5064526727981743,0.5056766271591187,0.4927910566329956,no,No,0.47643256187438965,3018,1.1010266000012052,0.02005260000078124,6.12585973739624
paper,nested,octagon,rectangle,0,incompatible,0.47667222124092606,0.47580116987228394,0.5223714709281921,no,No,0.4865000247955322,3018,1.1030255000005127,0.018877900001825765,6.12585973739624
paper,nested,square,cross,0,incompatible,0.5253456603541808,0.5245977640151978,0.47397860884666443,yes,Yes,0.4999231696128845,3018,1.117686199999298,0.018309600000065984,6.12585973739624
paper,nested,square,octagon,0,incompatible,0.4913084430834446,0.4905431866645813,0.5078992247581482,no,No,0.4915342330932617,3018,1.131058099999791,0.020099999997910345,6.12585973739624
paper,nested,square,square,1,compatible,0.4933096121347682,0.49264562129974365,0.5060083866119385,no,No,0.49598100781440735,3018,1.1148853999984567,0.020794199997908436,6.12585973739624
paper,nested,square,circle,0,incompatible,0.4955561692305506,0.4947977066040039,0.5036717653274536,no,No,0.4871964454650879,3018,1.1571249999979045,0.020449999999982538,6.12585973739624
paper,nested,square,stadium,0,incompatible,0.5021604220707071,0.5013171434402466,0.49700355529785156,no,No,0.4730115532875061,3018,1.1451229999984207,0.017212800001288997,6.12585973739624
paper,nested,square,trapezoid,0,incompatible,0.4976071660033136,0.496911883354187,0.5016908645629883,no,No,0.49063149094581604,3018,1.1251056000000972,0.018626999997650273,6.12585973739624
paper,nested,square,hexagon,0,incompatible,0.4505728393907712,0.44992467761039734,0.548636794090271,no,No,0.5369047522544861,3018,1.1443322000013723,0.02163469999868539,6.12585973739624
paper,nested,square,rectangle,0,incompatible,0.4904877508125141,0.489764541387558,0.5087609887123108,no,No,0.49609094858169556,3018,1.2145723999965412,0.02184349999879487,6.12585973739624
paper,nested,circle,cross,0,incompatible,0.5634840757438188,0.5626653432846069,0.43588167428970337,yes,Yes,0.5185238122940063,3018,1.3572606000016094,0.02142210000238265,6.12585973739624
paper,nested,circle,octagon,0,compatible,0.515328740124873,0.5145736336708069,0.4839610755443573,yes,Yes,0.4806273281574249,3018,1.3011719000023731,0.025040000000444707,6.12585973739624
paper,nested,circle,square,0,incompatible,0.49355106891409567,0.4928092956542969,0.5056877732276917,no,No,0.48402583599090576,3018,1.2364549999983865,0.02217979999841191,6.12585973739624
paper,nested,circle,circle,1,compatible,0.5303611150494879,0.5296476483345032,0.46900710463523865,yes,Yes,0.49900344014167786,3018,1.2166326000005938,0.021239100002276246,6.12585973739624
paper,nested,circle,stadium,0,incompatible,0.5254260763744073,0.5245789289474487,0.47380876541137695,yes,Yes,0.47775933146476746,3018,1.186229300001287,0.023733199999696808,6.12585973739624
paper,nested,circle,trapezoid,0,incompatible,0.5307703933226896,0.530022382736206,0.4685683250427246,yes,Yes,0.4950683116912842,3018,1.128079299996898,0.024856299998646136,6.12585973739624
paper,nested,circle,hexagon,0,incompatible,0.5029417644235455,0.5022170543670654,0.4963420033454895,no,No,0.4788459837436676,3018,1.135357399998611,0.02016189999994822,6.12585973739624
paper,nested,circle,rectangle,0,incompatible,0.50178327634252,0.5009713172912598,0.49741053581237793,no,No,0.4726836085319519,3018,1.1690043000016885,0.021200999999564374,6.12585973739624
paper,nested,stadium,cross,0,incompatible,0.5612531790585097,0.5603376626968384,0.4380311369895935,yes,Yes,0.504371702671051,3018,1.2390945999977703,0.020189499999105465,6.12585973739624
paper,nested,stadium,octagon,0,incompatible,0.5142098837029832,0.5133216977119446,0.4849510192871094,yes,Yes,0.4620392918586731,3018,1.2571896000008564,0.02158919999783393,6.12585973739624
paper,nested,stadium,square,0,incompatible,0.4787196320481052,0.4779559075832367,0.5204487442970276,no,No,0.4925908148288727,3018,1.195677899999282,0.02369389999876148,6.12585973739624
paper,nested,stadium,circle,0,incompatible,0.5376068284985528,0.5367358922958374,0.46164408326148987,yes,Yes,0.48531922698020935,3018,1.1956500000014785,0.02191550000134157,6.12585973739624
paper,nested,stadium,stadium,1,compatible,0.5450611241228914,0.5441628098487854,0.45418909192085266,yes,Yes,0.49559274315834045,3018,1.2355466000008164,0.023735799997666618,6.12585973739624
paper,nested,stadium,trapezoid,0,incompatible,0.536345123265665,0.5354925990104675,0.46291789412498474,yes,Yes,0.49036961793899536,3018,1.188542600000801,0.023353500000666827,6.12585973739624
paper,nested,stadium,hexagon,0,incompatible,0.48575285326686846,0.48493853211402893,0.5133850574493408,no,No,0.4850824773311615,3018,1.2326715999988664,0.023101799997675698,6.12585973739624
paper,nested,stadium,rectangle,0,incompatible,0.4991320346030205,0.4982650876045227,0.4999980032444,no,No,0.468538373708725,3018,1.2327614999994694,0.02538999999887892,6.12585973739624
paper,nested,trapezoid,cross,0,incompatible,0.5183927627383835,0.5176605582237244,0.4809269905090332,yes,Yes,0.48727932572364807,3018,1.1809200999996392,0.02246470000318368,6.12585973739624
paper,nested,trapezoid,octagon,0,incompatible,0.4956597526399567,0.4949057698249817,0.5035730600357056,no,No,0.4844306707382202,3018,1.1767671999987215,0.019873199998983182,6.12585973739624
paper,nested,trapezoid,square,0,incompatible,0.48984116544326317,0.4891974925994873,0.5094884634017944,no,No,0.4966079294681549,3018,1.2046952999990026,0.020772600000782404,6.12585973739624
paper,nested,trapezoid,circle,0,incompatible,0.5035434253686943,0.502795398235321,0.4957190752029419,no,No,0.4760075509548187,3018,1.2218847000003734,0.02221340000323835,6.12585973739624
paper,nested,trapezoid,stadium,0,incompatible,0.5142134474665194,0.5133620500564575,0.4849822223186493,yes,Yes,0.46207013726234436,3018,1.213116099999752,0.022063799999159528,6.12585973739624
paper,nested,trapezoid,trapezoid,1,compatible,0.5355708790547741,0.5349109768867493,0.46385687589645386,yes,Yes,0.5156733393669128,3018,1.1818285999979707,0.0230314999971597,6.12585973739624
paper,nested,trapezoid,hexagon,0,incompatible,0.4508724877282281,0.4502321183681488,0.5483475923538208,no,No,0.5331668853759766,3018,1.2427726999994775,0.021026499998697545,6.12585973739624
paper,nested,trapezoid,rectangle,0,incompatible,0.49621935326504213,0.495458722114563,0.5030084252357483,no,No,0.48240405321121216,3018,1.223290400001133,0.022021100001438754,6.12585973739624
paper,nested,hexagon,cross,0,incompatible,0.5180883672359247,0.5173624753952026,0.48123642802238464,yes,Yes,0.49037158489227295,3018,1.1922771999998076,0.021266399999149144,6.12585973739624
paper,nested,hexagon,octagon,0,incompatible,0.4985678862393666,0.4978388845920563,0.5006989240646362,no,No,0.4868334233760834,3018,1.2339570999974967,0.024290999997901963,6.12585973739624
paper,nested,hexagon,square,0,incompatible,0.4648966865941046,0.46420568227767944,0.5343079566955566,no,No,0.5148999094963074,3018,1.2160308999991685,0.0215552999979991,6.12585973739624
paper,nested,hexagon,circle,0,incompatible,0.49274944633218376,0.4919601380825043,0.5064380168914795,no,No,0.4837477505207062,3018,1.2783616000015172,0.02484280000135186,6.12585973739624
paper,nested,hexagon,stadium,0,incompatible,0.5001987092734059,0.49933022260665894,0.49893349409103394,no,No,0.4656542241573334,3018,1.164719199998217,0.023762299999361858,6.12585973739624
paper,nested,hexagon,trapezoid,0,incompatible,0.494625667389468,0.4939216375350952,0.5046550035476685,no,No,0.489814817905426,3018,1.1762283999996725,0.021304099998815218,6.12585973739624
paper,nested,hexagon,hexagon,1,compatible,0.5238375853635799,0.523165225982666,0.4755512475967407,yes,Yes,0.5048996806144714,3018,1.155633400001534,0.019599200000811834,6.12585973739624
paper,nested,hexagon,rectangle,0,incompatible,0.4736510784548945,0.4729149341583252,0.5255308747291565,no,No,0.5040094256401062,3018,1.2790219000016805,0.01986620000025141,6.12585973739624
paper,nested,rectangle,cross,0,incompatible,0.5219975586040821,0.5212478637695312,0.4773159325122833,yes,Yes,0.49444741010665894,3018,1.236465900001349,0.022042299999156967,6.12585973739624
paper,nested,rectangle,octagon,0,incompatible,0.48040134149827945,0.47965413331985474,0.5187904834747314,no,No,0.5012989044189453,3018,1.1834228999978222,0.019862099998135818,6.12585973739624
paper,nested,rectangle,square,0,incompatible,0.47021904507878953,0.4695950746536255,0.52907794713974,no,No,0.5185917615890503,3018,1.1689901999998256,0.019093999999313382,6.12585973739624
paper,nested,rectangle,circle,0,incompatible,0.4919590770261041,0.4912012815475464,0.5072583556175232,no,No,0.48936545848846436,3018,1.1544809000006353,0.019442000000708504,6.12585973739624
paper,nested,rectangle,stadium,0,incompatible,0.4906317739145677,0.48983341455459595,0.5085393786430359,no,No,0.4843513071537018,3018,1.2326647000008961,0.020140600001468556,6.12585973739624
paper,nested,rectangle,trapezoid,0,incompatible,0.4934573498497692,0.49278098344802856,0.5058483481407166,no,No,0.49486348032951355,3018,1.2932583000001614,0.022933599997486454,6.12585973739624
paper,nested,rectangle,hexagon,0,incompatible,0.45105647023985523,0.45040997862815857,0.54815673828125,no,No,0.5356957912445068,3018,1.2786234000013792,0.022846600000775652,6.12585973739624
paper,nested,rectangle,rectangle,1,compatible,0.4826866043152542,0.4819868803024292,0.5165634751319885,no,No,0.5040819644927979,3018,1.2027170000001206,0.023224000000482192,6.12585973739624
gray,flat,cross,cross,1,compatible,0.6199561184634347,0.6190382242202759,0.3794811964035034,yes,Yes,0.5717955827713013,14894,7.078394899999694,0.06606309999915538,7.7780866622924805
gray,flat,cross,octagon,0,compatible,0.5403285785043638,0.5392981767654419,0.45879483222961426,yes,Yes,0.47290605306625366,14894,6.749619600002916,0.08533860000170534,7.7780866622924805
gray,flat,cross,square,0,incompatible,0.5645875651586816,0.563748300075531,0.43476518988609314,yes,Yes,0.517536997795105,14894,7.301712299999053,0.08811749999949825,7.7780866622924805
gray,flat,cross,circle,0,incompatible,0.546902466203022,0.5458711981773376,0.4522431492805481,yes,Yes,0.4668523669242859,14894,7.077214600001753,0.0839064000028884,7.7780866622924805
gray,flat,cross,stadium,0,incompatible,0.5341258784687161,0.5331470370292664,0.4650203585624695,yes,Yes,0.46289554238319397,14894,6.695789400000649,0.09045970000079251,7.7780866622924805
gray,flat,cross,trapezoid,0,incompatible,0.5459329718069802,0.5450593829154968,0.45334044098854065,yes,Yes,0.4942597448825836,14894,6.839004700002988,0.08949270000084653,7.7780866622924805
gray,flat,cross,hexagon,0,incompatible,0.5350395565451637,0.5341235399246216,0.4641644060611725,yes,Yes,0.47996392846107483,14894,6.3980449000009685,0.1107929999998305,7.7780866622924805
gray,flat,cross,rectangle,0,incompatible,0.5472652599779563,0.5464771389961243,0.4520827531814575,yes,Yes,0.5093270540237427,14894,6.077649499999097,0.09214639999845531,7.7780866622924805
gray,flat,octagon,cross,0,incompatible,0.6460968142105846,0.645022451877594,0.35331469774246216,yes,Yes,0.5709025263786316,14894,6.760246500001813,0.08196329999918817,7.7780866622924805
gray,flat,octagon,octagon,1,compatible,0.636396969784444,0.6353456974029541,0.36300238966941833,yes,Yes,0.5785437822341919,14894,6.348304299997835,0.088973599999008,7.7780866622924805
gray,flat,octagon,square,0,incompatible,0.6072025545359339,0.6063241362571716,0.39222919940948486,yes,Yes,0.5536929965019226,14894,6.51031040000089,0.08158380000168108,7.7780866622924805
gray,flat,octagon,circle,0,incompatible,0.5887445360100539,0.587665319442749,0.4105015993118286,yes,Yes,0.5091571807861328,14894,6.380606300001091,0.0746331000009377,7.7780866622924805
gray,flat,octagon,stadium,0,incompatible,0.5852552875274526,0.5841882228851318,0.41398853063583374,yes,Yes,0.5061350464820862,14894,6.465668600001663,0.07676139999966836,7.7780866622924805
gray,flat,octagon,trapezoid,0,incompatible,0.6036985483360753,0.6027670502662659,0.3956899642944336,yes,Yes,0.5457872748374939,14894,6.574917599999026,0.08582340000066324,7.7780866622924805
gray,flat,octagon,hexagon,0,incompatible,0.6185841444735405,0.6175705194473267,0.3807908594608307,yes,Yes,0.5600002408027649,14894,6.718397900000127,0.10705070000039996,7.7780866622924805
gray,flat,octagon,rectangle,0,incompatible,0.5918797219053488,0.5909823179244995,0.4075014889240265,yes,Yes,0.5403979420661926,14894,6.705381899999338,0.08945659999881173,7.7780866622924805
gray,flat,square,cross,0,incompatible,0.6516964311700058,0.6506484746932983,0.3477434813976288,yes,Yes,0.5847071409225464,14894,7.070339899997634,0.11221879999720841,7.7780866622924805
gray,flat,square,octagon,0,incompatible,0.5971417101431397,0.5960590243339539,0.40212786197662354,yes,Yes,0.5339058041572571,14894,6.427467699999397,0.09663200000068173,7.7780866622924805
gray,flat,square,square,1,compatible,0.6202964043093494,0.6194308400154114,0.37917375564575195,yes,Yes,0.5754840970039368,14894,6.452487500002462,0.08583390000057989,7.7780866622924805
gray,flat,square,circle,0,incompatible,0.5938431726030149,0.5928381085395813,0.4054694175720215,yes,Yes,0.5318841934204102,14894,6.44816340000034,0.07708420000199112,7.7780866622924805
gray,flat,square,stadium,0,incompatible,0.598117673919654,0.5970988869667053,0.40119779109954834,yes,Yes,0.5321894884109497,14894,6.435011999998096,0.23744349999833503,7.7780866622924805
gray,flat,square,trapezoid,0,incompatible,0.6021144614050413,0.6012153029441833,0.397291362285614,yes,Yes,0.554007887840271,14894,6.402317399999447,0.2936305999974138,7.7780866622924805
gray,flat,square,hexagon,0,incompatible,0.5953186456134224,0.5943666696548462,0.40403422713279724,yes,Yes,0.5442405343055725,14894,6.429458400001749,0.2545758999985992,7.7780866622924805
gray,flat,square,rectangle,0,incompatible,0.6159768990852893,0.6150979399681091,0.383475124835968,yes,Yes,0.5739119648933411,14894,6.488159799999266,0.2617605999985244,7.7780866622924805
gray,flat,circle,cross,0,incompatible,0.6494996930107104,0.6482164859771729,0.34980782866477966,yes,Yes,0.5249746441841125,14894,8.960004600001412,0.2664727999981551,7.7780866622924805
gray,flat,circle,octagon,0,compatible,0.582552355622617,0.5813367962837219,0.4165765941143036,yes,Yes,0.49140647053718567,14894,6.816899400000693,0.07670340000186116,7.7780866622924805
gray,flat,circle,square,0,incompatible,0.6106657798590976,0.6095372438430786,0.3886147141456604,yes,Yes,0.5165243744850159,14894,6.629841099998885,0.0910803999977361,7.7780866622924805
gray,flat,circle,circle,1,compatible,0.6094154297351096,0.6082769632339478,0.38985490798950195,yes,Yes,0.5202237963676453,14894,6.612610700001824,0.09233630000017001,7.7780866622924805
gray,flat,circle,stadium,0,incompatible,0.6341659249659621,0.633044421672821,0.3651871085166931,yes,Yes,0.54501873254776,14894,6.690392699998483,0.08925970000200323,7.7780866622924805
gray,flat,circle,trapezoid,0,incompatible,0.6002419460273282,0.5991653203964233,0.3990410268306732,yes,Yes,0.5180670619010925,14894,6.367573799998354,0.09234559999822523,7.7780866622924805
gray,flat,circle,hexagon,0,incompatible,0.5783161173762216,0.577206552028656,0.42087483406066895,yes,Yes,0.4936709702014923,14894,6.324017599999934,0.07128409999859286,7.7780866622924805
gray,flat,circle,rectangle,0,incompatible,0.5884106898420228,0.5873746275901794,0.41086459159851074,yes,Yes,0.5170444846153259,14894,6.631358300001011,0.07865669999955571,7.7780866622924805
gray,flat,stadium,cross,0,incompatible,0.6319101664181628,0.6306668519973755,0.36736559867858887,yes,Yes,0.5251786112785339,14894,6.578436399999191,0.09199409999928321,7.7780866622924805
gray,flat,stadium,octagon,0,incompatible,0.5737639521040773,0.5725813508033752,0.42535752058029175,yes,Yes,0.4863293766975403,14894,6.663330799998221,0.07333079999807524,7.7780866622924805
gray,flat,stadium,square,0,incompatible,0.5909907916452867,0.5899787545204163,0.40830880403518677,yes,Yes,0.5203042030334473,14894,6.6741583999973955,0.06580669999675592,7.7780866622924805
gray,flat,stadium,circle,0,incompatible,0.5891575883804305,0.5880936980247498,0.410100519657135,yes,Yes,0.5074076652526855,14894,6.48235829999976,0.07134790000054636,7.7780866622924805
gray,flat,stadium,stadium,1,compatible,0.6191018996293022,0.6180589199066162,0.38025641441345215,yes,Yes,0.5544878840446472,14894,6.351235199999792,0.08426289999988512,7.7780866622924805
gray,flat,stadium,trapezoid,0,incompatible,0.5820156278188754,0.581007182598114,0.41726014018058777,yes,Yes,0.5169497132301331,14894,6.652715000000171,0.06953840000278433,7.7780866622924805
gray,flat,stadium,hexagon,0,incompatible,0.5578642225512384,0.5567887425422668,0.4412834048271179,yes,Yes,0.4824379086494446,14894,6.62968809999802,0.10727459999907296,7.7780866622924805
gray,flat,stadium,rectangle,0,incompatible,0.58241867225759,0.5814078450202942,0.416856586933136,yes,Yes,0.5199341177940369,14894,6.74075840000296,0.06860460000098101,7.7780866622924805
gray,flat,trapezoid,cross,0,incompatible,0.6336463671647222,0.6326767802238464,0.36579304933547974,yes,Yes,0.5703157782554626,14894,6.7846712999999,0.06035139999949024,7.7780866622924805
gray,flat,trapezoid,octagon,0,incompatible,0.5778788464636315,0.5768920183181763,0.4214003086090088,yes,Yes,0.518382728099823,14894,7.094213299998955,0.07513580000158981,7.7780866622924805
gray,flat,trapezoid,square,0,incompatible,0.5981218857228018,0.5973259806632996,0.40134334564208984,yes,Yes,0.5549235939979553,14894,6.865143300001364,0.08191210000222782,7.7780866622924805
gray,flat,trapezoid,circle,0,incompatible,0.5679363363173321,0.5670114755630493,0.43136006593704224,yes,Yes,0.5044957995414734,14894,6.8661719000010635,0.10264720000122907,7.7780866622924805
gray,flat,trapezoid,stadium,0,incompatible,0.5750284164796389,0.5741094350814819,0.4242924153804779,yes,Yes,0.5133966207504272,14894,6.403699200000119,0.08891659999790136,7.7780866622924805
gray,flat,trapezoid,trapezoid,1,compatible,0.6037992252442328,0.6030260324478149,0.39569342136383057,yes,Yes,0.567582905292511,14894,6.027476100000058,0.06381099999998696,7.7780866622924805
gray,flat,trapezoid,hexagon,0,incompatible,0.5561846904655049,0.5553346276283264,0.443136990070343,yes,Yes,0.5129439830780029,14894,5.980898999998317,0.08005459999913,7.7780866622924805
gray,flat,trapezoid,rectangle,0,incompatible,0.5898051963825707,0.5890161395072937,0.40964603424072266,yes,Yes,0.5506842732429504,14894,6.552428700000746,0.07053720000112662,7.7780866622924805
gray,flat,hexagon,cross,0,incompatible,0.6343733659102072,0.6333644390106201,0.36504513025283813,yes,Yes,0.5691506862640381,14894,6.638745299998845,0.07829019999917364,7.7780866622924805
gray,flat,hexagon,octagon,0,incompatible,0.5952879794808226,0.5942873358726501,0.4040317237377167,yes,Yes,0.5426627993583679,14894,6.731912999999622,0.10407199999826844,7.7780866622924805
gray,flat,hexagon,square,0,incompatible,0.599272735130058,0.5984191298484802,0.4001564681529999,yes,Yes,0.550060510635376,14894,6.6863416000014695,0.09377859999949578,7.7780866622924805
gray,flat,hexagon,circle,0,incompatible,0.5807439720811709,0.5797170996665955,0.4185146987438202,yes,Yes,0.5083454847335815,14894,6.858271299999615,0.0794595000006666,7.7780866622924805
gray,flat,hexagon,stadium,0,incompatible,0.5764732281095922,0.575458288192749,0.4227811098098755,yes,Yes,0.5055665969848633,14894,6.628316099999211,0.081078899998829,7.7780866622924805
gray,flat,hexagon,trapezoid,0,incompatible,0.5956105565631417,0.5946987271308899,0.4037703573703766,yes,Yes,0.5423223376274109,14894,6.413923499996599,0.08289369999693008,7.7780866622924805
gray,flat,hexagon,hexagon,1,compatible,0.6177302266396996,0.6167923212051392,0.3816893696784973,yes,Yes,0.5662074089050293,14894,6.45514059999914,0.06985189999977592,7.7780866622924805
gray,flat,hexagon,rectangle,0,incompatible,0.59159489300434,0.5907168388366699,0.4077989459037781,yes,Yes,0.5429720878601074,14894,6.337765500000387,0.0714942999984487,7.7780866622924805
gray,flat,rectangle,cross,0,incompatible,0.6409456311630134,0.6399494409561157,0.3584963083267212,yes,Yes,0.5794946551322937,14894,6.246755200001644,0.05876949999947101,7.7780866622924805
gray,flat,rectangle,octagon,0,incompatible,0.5939879112417904,0.5929549336433411,0.40530601143836975,yes,Yes,0.5302664637565613,14894,6.336573799999314,0.07507800000166753,7.7780866622924805
gray,flat,rectangle,square,0,incompatible,0.6174228426849511,0.6165559887886047,0.38204002380371094,yes,Yes,0.570206880569458,14894,6.5229906999993545,0.05616730000110692,7.7780866622924805
gray,flat,rectangle,circle,0,incompatible,0.5825168104835898,0.5815396308898926,0.41678285598754883,yes,Yes,0.5225740671157837,14894,6.247774599996774,0.0708859999976994,7.7780866622924805
gray,flat,rectangle,stadium,0,incompatible,0.5935317716819296,0.5925720930099487,0.40581101179122925,yes,Yes,0.5349698066711426,14894,6.288605000001553,0.07330910000018775,7.7780866622924805
gray,flat,rectangle,trapezoid,0,incompatible,0.5904548945233173,0.5896031856536865,0.40895435214042664,yes,Yes,0.5477474927902222,14894,6.30324710000059,0.06603130000075907,7.7780866622924805
gray,flat,rectangle,hexagon,0,incompatible,0.5879487223495367,0.5870286822319031,0.4114064872264862,yes,Yes,0.538223922252655,14894,6.293892499998037,0.07323040000119363,7.7780866622924805
gray,flat,rectangle,rectangle,1,compatible,0.6080768085360432,0.6072418689727783,0.3913850486278534,yes,Yes,0.5699794292449951,14894,6.390826800001378,0.060384000000340166,7.7780866622924805
paper,flat,cross,cross,1,compatible,0.574026309255983,0.5728791952133179,0.4251224398612976,yes,Yes,0.5061157941818237,14894,6.389465699998254,0.06128529999841703,7.7780866622924805
paper,flat,cross,octagon,0,compatible,0.5032288010613434,0.5022343993186951,0.4957895576953888,no,No,0.46410834789276123,14894,6.352341800000431,0.0679640999987896,7.7780866622924805
paper,flat,cross,square,0,incompatible,0.5121077578339147,0.5111252665519714,0.4869562089443207,no,No,0.4539782404899597,14894,6.31545510000069,0.0557836000007228,7.7780866622924805
paper,flat,cross,circle,0,incompatible,0.5089310643298338,0.5079226493835449,0.49009591341018677,no,No,0.45061948895454407,14894,6.396440700002131,0.06309329999930924,7.7780866622924805
paper,flat,cross,stadium,0,incompatible,0.5120819666133294,0.5109754204750061,0.4868637025356293,no,No,0.4376540184020996,14894,6.44065480000063,0.07506350000039674,7.7780866622924805
paper,flat,cross,trapezoid,0,incompatible,0.5125324656341388,0.5115193128585815,0.486503928899765,no,No,0.45108288526535034,14894,6.297893400002067,0.06249310000202968,7.7780866622924805
paper,flat,cross,hexagon,0,incompatible,0.5078375792300044,0.5068169832229614,0.49117332696914673,no,No,0.4564303755760193,14894,6.407926299998508,0.057091599999694154,7.7780866622924805
paper,flat,cross,rectangle,0,incompatible,0.5135468249120072,0.512533962726593,0.4854937493801117,no,No,0.451153963804245,14894,6.3382218000006105,0.05635660000189091,7.7780866622924805
paper,flat,octagon,cross,0,incompatible,0.5830848859564876,0.5819184184074402,0.4160810708999634,yes,Yes,0.5093031525611877,14894,6.289960899997823,0.059304999998857966,7.7780866622924805
paper,flat,octagon,octagon,1,compatible,0.581580035435639,0.5805906653404236,0.417708158493042,yes,Yes,0.5416341423988342,14894,6.399523200001568,0.05561189999934868,7.7780866622924805
paper,flat,octagon,square,0,incompatible,0.550279468467268,0.5492786169052124,0.44890257716178894,yes,Yes,0.4958621561527252,14894,6.347937899998215,0.06149319999894942,7.7780866622924805
paper,flat,octagon,circle,0,incompatible,0.5339701137329076,0.533007025718689,0.4651893377304077,yes,Yes,0.4818747043609619,14894,6.371554699999251,0.0629298000021663,7.7780866622924805
paper,flat,octagon,stadium,0,incompatible,0.5361931217117644,0.535161018371582,0.4629141092300415,yes,Yes,0.4744735062122345,14894,6.252947699998913,0.06425400000080117,7.7780866622924805
paper,flat,octagon,trapezoid,0,incompatible,0.5489095611906973,0.547947108745575,0.4502995014190674,yes,Yes,0.5010285377502441,14894,6.340448700000707,0.058422099999006605,7.7780866622924805
paper,flat,octagon,hexagon,0,incompatible,0.5641900919535302,0.5631608963012695,0.43501490354537964,yes,Yes,0.5156183838844299,14894,6.145277399999031,0.05749339999965741,7.7780866622924805
paper,flat,octagon,rectangle,0,incompatible,0.5480127475197563,0.5469778180122375,0.451133668422699,yes,Yes,0.48750054836273193,14894,6.321566400001757,0.09056970000165165,7.7780866622924805
paper,flat,square,cross,0,incompatible,0.5760867624706065,0.575089156627655,0.42317914962768555,yes,Yes,0.5244773626327515,14894,6.252078600002278,0.09777260000191745,7.7780866622924805
paper,flat,square,octagon,0,incompatible,0.5276738615612997,0.5267844200134277,0.4715299904346466,yes,Yes,0.4904499053955078,14894,6.246911099999124,0.08293269999921904,7.7780866622924805
paper,flat,square,square,1,compatible,0.5383879277210027,0.5375903844833374,0.4609282612800598,yes,Yes,0.5078268647193909,14894,6.180345300002955,0.0800946000017575,7.7780866622924805
paper,flat,square,circle,0,incompatible,0.5163514840633856,0.5155089497566223,0.482859343290329,yes,Yes,0.47836440801620483,14894,6.455316600000515,0.05806939999820315,7.7780866622924805
paper,flat,square,stadium,0,incompatible,0.5309160028884526,0.5299497842788696,0.46823030710220337,yes,Yes,0.4791582524776459,14894,6.361222600000474,0.11432799999965937,7.7780866622924805
paper,flat,square,trapezoid,0,incompatible,0.5507496938837039,0.5498618483543396,0.4485260844230652,yes,Yes,0.513562023639679,14894,6.230006899997534,0.08113740000044345,7.7780866622924805
paper,flat,square,hexagon,0,incompatible,0.5324740967263925,0.5315630435943604,0.4667259752750397,yes,Yes,0.49158892035484314,14894,6.176212900001701,0.13914170000134618,7.7780866622924805
paper,flat,square,rectangle,0,incompatible,0.5475334888705553,0.5466490983963013,0.4517356753349304,yes,Yes,0.5100533366203308,14894,6.178188800000498,0.06564040000012028,7.7780866622924805
paper,flat,circle,cross,0,incompatible,0.6055918027029674,0.6043596267700195,0.39360570907592773,yes,Yes,0.50841224193573,14894,6.209225499998865,0.06299419999777456,7.7780866622924805
paper,flat,circle,octagon,0,compatible,0.5500955439003291,0.549045205116272,0.44904541969299316,yes,Yes,0.49334630370140076,14894,6.247742899999139,0.0771537000000535,7.7780866622924805
paper,flat,circle,square,0,incompatible,0.5520023030908939,0.5509815216064453,0.4471692442893982,yes,Yes,0.48939386010169983,14894,6.251762699997926,0.05732219999845256,7.7780866622924805
paper,flat,circle,circle,1,compatible,0.5607075596376309,0.5597571730613708,0.43854784965515137,yes,Yes,0.5124931335449219,14894,6.208838400001696,0.0797022000006109,7.7780866622924805
paper,flat,circle,stadium,0,incompatible,0.571062773337652,0.5699924826622009,0.4281333088874817,yes,Yes,0.5071298480033875,14894,6.221361300002172,0.08259470000120928,7.7780866622924805
paper,flat,circle,trapezoid,0,incompatible,0.5752880146508863,0.5741901397705078,0.4239014685153961,yes,Yes,0.5063540935516357,14894,6.208520899999712,0.0678966000014043,7.7780866622924805
paper,flat,circle,hexagon,0,incompatible,0.5582948451664056,0.5572435259819031,0.440873384475708,yes,Yes,0.498313307762146,14894,6.260792500001116,0.08874099999957252,7.7780866622924805
paper,flat,circle,rectangle,0,incompatible,0.5689421689474722,0.567834734916687,0.43021878600120544,yes,Yes,0.4969896674156189,14894,6.224136700002418,0.06334269999933895,7.7780866622924805
paper,flat,stadium,cross,0,incompatible,0.5845712279739835,0.5833735466003418,0.4145776331424713,yes,Yes,0.4989340305328369,14894,6.36226429999806,0.18895989999873564,7.7780866622924805
paper,flat,stadium,octagon,0,incompatible,0.5410614354590974,0.5400806069374084,0.4581066071987152,yes,Yes,0.4924943447113037,14894,6.1644627999994555,0.1007075999987137,7.7780866622924805
paper,flat,stadium,square,0,incompatible,0.5420528654870476,0.5410953760147095,0.45713821053504944,yes,Yes,0.49066162109375,14894,6.22789339999872,0.06894240000110585,7.7780866622924805
paper,flat,stadium,circle,0,incompatible,0.5485627751796559,0.5476458072662354,0.4506826102733612,yes,Yes,0.5039607286453247,14894,6.347217099999398,0.12826860000132,7.7780866622924805
paper,flat,stadium,stadium,1,compatible,0.5797088347871372,0.5786939859390259,0.4195553958415985,yes,Yes,0.5305135250091553,14894,6.283257800001593,0.0740183000016259,7.7780866622924805
paper,flat,stadium,trapezoid,0,incompatible,0.5654807337565594,0.5644622445106506,0.433736652135849,yes,Yes,0.5095708966255188,14894,6.461876599998504,0.2244561999978032,7.7780866622924805
paper,flat,stadium,hexagon,0,incompatible,0.5368076428551873,0.535860538482666,0.46237513422966003,yes,Yes,0.4912703335285187,14894,5.817681299999094,0.06505490000199643,7.7780866622924805
paper,flat,stadium,rectangle,0,incompatible,0.5547254264104515,0.5537150502204895,0.4444635510444641,yes,Yes,0.4991186261177063,14894,5.906310300000769,0.07175710000228719,7.7780866622924805
paper,flat,trapezoid,cross,0,incompatible,0.5707496820611127,0.5698397159576416,0.42856594920158386,yes,Yes,0.526346743106842,14894,5.8073688999975275,0.05825209999966319,7.7780866622924805
paper,flat,trapezoid,octagon,0,incompatible,0.5340915976351849,0.5332702398300171,0.46519190073013306,yes,Yes,0.5014527440071106,14894,5.84085480000067,0.06373170000006212,7.7780866622924805
paper,flat,trapezoid,square,0,incompatible,0.5500000387987037,0.5492106676101685,0.4493541121482849,yes,Yes,0.516930103302002,14894,5.872072900001513,0.06542239999907906,7.7780866622924805
paper,flat,trapezoid,circle,0,incompatible,0.5158509572980451,0.5150625705718994,0.4834091067314148,yes,Yes,0.47949305176734924,14894,5.877034500001173,0.06105600000228151,7.7780866622924805
paper,flat,trapezoid,stadium,0,incompatible,0.5413074033683274,0.5404074192047119,0.45792996883392334,yes,Yes,0.4934661090373993,14894,5.9479560999971,0.0631541999973706,7.7780866622924805
paper,flat,trapezoid,trapezoid,1,compatible,0.5830377360005188,0.5822627544403076,0.4164080321788788,yes,Yes,0.5560145378112793,14894,5.882814699998562,0.07826159999967786,7.7780866622924805
paper,flat,trapezoid,hexagon,0,incompatible,0.537465827114336,0.5366740226745605,0.4618527591228485,yes,Yes,0.5086226463317871,14894,5.895188000002236,0.058037499999045394,7.7780866622924805
paper,flat,trapezoid,rectangle,0,incompatible,0.5586109828779103,0.5577796697616577,0.4407321512699127,yes,Yes,0.5209453105926514,14894,5.907173899999179,0.054011500000342494,7.7780866622924805
paper,flat,hexagon,cross,0,incompatible,0.56451376288553,0.5635421872138977,0.4347367286682129,yes,Yes,0.5152994990348816,14894,5.975042300000496,0.05378190000192262,7.7780866622924805
paper,flat,hexagon,octagon,0,incompatible,0.5417721234867675,0.5409488677978516,0.45753157138824463,yes,Yes,0.5122354626655579,14894,5.84589639999831,0.06541020000076969,7.7780866622924805
paper,flat,hexagon,square,0,incompatible,0.5283747020254211,0.527536153793335,0.4708768129348755,yes,Yes,0.4900636076927185,14894,5.93056919999799,0.06247339999754331,7.7780866622924805
paper,flat,hexagon,circle,0,incompatible,0.5130808145366783,0.5122271180152893,0.48610901832580566,yes,Yes,0.47195225954055786,14894,5.889337999997224,0.05370249999759835,7.7780866622924805
paper,flat,hexagon,stadium,0,incompatible,0.5229853040891131,0.5220679640769958,0.47617799043655396,yes,Yes,0.47269168496131897,14894,5.868574000000081,0.05665159999989555,7.7780866622924805
paper,flat,hexagon,trapezoid,0,incompatible,0.5509031309946038,0.5500423908233643,0.4483951926231384,yes,Yes,0.513696551322937,14894,5.925132500000473,0.052920300000550924,7.7780866622924805
paper,flat,hexagon,hexagon,1,compatible,0.5696024233272108,0.5687186121940613,0.42972975969314575,yes,Yes,0.5347821712493896,14894,5.957631500001298,0.053771800001413794,7.7780866622924805
paper,flat,hexagon,rectangle,0,incompatible,0.5339777691264709,0.5330770015716553,0.465236097574234,yes,Yes,0.48873037099838257,14894,5.864823299998534,0.074044099997991,7.7780866622924805
paper,flat,rectangle,cross,0,incompatible,0.5763119753794905,0.5753247141838074,0.4229622185230255,yes,Yes,0.5254014730453491,14894,5.84876400000212,0.05538670000169077,7.7780866622924805
paper,flat,rectangle,octagon,0,incompatible,0.5398789060040745,0.5389886498451233,0.45936235785484314,yes,Yes,0.5007221102714539,14894,5.9765626000007614,0.08164369999940391,7.7780866622924805
paper,flat,rectangle,square,0,incompatible,0.5427105302949308,0.5418893098831177,0.4565975069999695,yes,Yes,0.5105261206626892,14894,5.889402600001631,0.057243700000981335,7.7780866622924805
paper,flat,rectangle,circle,0,incompatible,0.5201773600694597,0.5193473100662231,0.4790569841861725,yes,Yes,0.4835120439529419,14894,5.857457499998418,0.05394519999754266,7.7780866622924805
paper,flat,rectangle,stadium,0,incompatible,0.5374884740251114,0.5365538001060486,0.4617072343826294,yes,Yes,0.4912775754928589,14894,5.946973499998421,0.07099659999948926,7.7780866622924805
paper,flat,rectangle,trapezoid,0,incompatible,0.5623539420741478,0.5614700317382812,0.4369581639766693,yes,Yes,0.5254627466201782,14894,5.921773699999903,0.053118200001335936,7.7780866622924805
paper,flat,rectangle,hexagon,0,incompatible,0.5436481889347937,0.5427659749984741,0.4556112587451935,yes,Yes,0.5053378939628601,14894,5.902020800000173,0.05549489999975776,7.7780866622924805
paper,flat,rectangle,rectangle,1,compatible,0.559124201585796,0.5582406520843506,0.44017910957336426,yes,Yes,0.5219342708587646,14894,6.011236500002269,0.06173340000168537,7.7780866622924805
